profondeur	code	titre	parent	feuille
0	CULTURE_ET_LOISIR	Culture et Loisirs		N
1	LIVRES	Livres	CULTURE_ET_LOISIR	N
2	LIVRES_POUR_BEBE	Livres pour bébé	LIVRES	F
2	LIVRES_SONORES	Livres sonores	LIVRES	F
2	ROMANS_POUR_ENFANTS	Romans pour enfants	LIVRES	F
2	BANDES_DESSINEES	Bandes dessinées	LIVRES	F
2	ROMANS_POUR_ADULTES	Romans pour adultes	LIVRES	F
2	MANGAS	Mangas	LIVRES	F
2	MANUELS_SCOLAIRES	Manuels scolaires	LIVRES	F
2	FICTIONS	Fictions	LIVRES	F
2	NON_FICTION	Non-fiction	LIVRES	F
2	LIVRES_CUISINE	Cuisine	LIVRES	F
2	LIVRES_MAGAZINES	Magazines et revues	LIVRES	F
1	MUSIQUE	Musique	CULTURE_ET_LOISIR	N
2	VINYLES	Vinyles	MUSIQUE	F
2	CD	CD	MUSIQUE	F
2	CASSETTES_AUDIO	Cassettes audio	MUSIQUE	F
1	VIDEO	Vidéo	CULTURE_ET_LOISIR	N
2	DVD	DVD	VIDEO	F
2	BLURAY	Blu-ray	VIDEO	F
1	CARTES_A_COLLECTIONNER	Cartes à collectionner	CULTURE_ET_LOISIR	N
2	CARTE_A_L_UNITE	Carte à l'unité	CARTES_A_COLLECTIONNER	F
2	LOT_DE_CARTES	Lot de cartes	CARTES_A_COLLECTIONNER	F
2	BOOSTER	Booster	CARTES_A_COLLECTIONNER	F
1	CONSOLES	Consoles	CULTURE_ET_LOISIR	N
2	CONSOLES_PORTABLES	Consoles portables	CONSOLES	F
2	CONSOLES_DE_SALON	Consoles de salon	CONSOLES	F
1	JEUX_VIDEO	Jeux vidéo	CULTURE_ET_LOISIR	N
2	JEUX_VIDEO_PLAYSTATION	Jeux PlayStation	JEUX_VIDEO	F
2	JEUX_VIDEO_XBOX	Jeux Xbox	JEUX_VIDEO	F
2	JEUX_VIDEO_NINTENDO	Jeux Nintendo	JEUX_VIDEO	F
2	JEUX_VIDEO_PC	Jeux PC	JEUX_VIDEO	F
2	JEUX_VIDEO_RETRO	Jeux rétro	JEUX_VIDEO	F
1	ORDINATEURS_ACCESSOIRES	High-tech et accessoires	CULTURE_ET_LOISIR	N
2	HOUSSES_ORDINATEUR_PORTABLE	Housses pour ordinateur portable	ORDINATEURS_ACCESSOIRES	F
2	HIGHTECH_COQUES_TELEPHONE	Coques et étuis de téléphone	ORDINATEURS_ACCESSOIRES	F
2	HIGHTECH_PROTECTIONS_ECRAN	Protections d’écran	ORDINATEURS_ACCESSOIRES	F
2	HIGHTECH_SUPPORTS_GRIPS	Supports, anneaux et bijoux de téléphone	ORDINATEURS_ACCESSOIRES	F
2	HIGHTECH_CHARGEURS_CABLES	Chargeurs, câbles et batteries externes	ORDINATEURS_ACCESSOIRES	F
2	HIGHTECH_AUDIO_CASQUES	Casques et écouteurs	ORDINATEURS_ACCESSOIRES	F
2	HIGHTECH_MONTRES_ACCESSOIRES	Bracelets et coques de montre connectée	ORDINATEURS_ACCESSOIRES	F
2	HIGHTECH_HOUSSES_TABLETTE	Housses de tablette et liseuse	ORDINATEURS_ACCESSOIRES	F
2	HIGHTECH_AUTRES	Autres accessoires high-tech	ORDINATEURS_ACCESSOIRES	F
1	LOISIRS_CREATIFS	Loisirs créatifs et couture	CULTURE_ET_LOISIR	N
2	LOISIRS_COUTURE	Couture et mercerie	LOISIRS_CREATIFS	F
2	LOISIRS_TRICOT_CROCHET	Tricot et crochet	LOISIRS_CREATIFS	F
2	LOISIRS_PEINTURE_DESSIN	Peinture et dessin	LOISIRS_CREATIFS	F
2	LOISIRS_BRODERIE	Broderie et point de croix	LOISIRS_CREATIFS	F
2	LOISIRS_SCRAPBOOKING	Scrapbooking et papeterie créative	LOISIRS_CREATIFS	F
2	LOISIRS_BIJOUX_DIY	Bijoux DIY	LOISIRS_CREATIFS	F
2	LOISIRS_MODELISME	Modélisme et maquettes	LOISIRS_CREATIFS	F
2	LOISIRS_CREATIFS_ENFANTS	Loisirs créatifs enfants	LOISIRS_CREATIFS	F
2	LOISIRS_FILAMENT_3D	Filament pour impression 3D	LOISIRS_CREATIFS	F
2	LOISIRS_AUTRES	Autres loisirs créatifs	LOISIRS_CREATIFS	F
1	COLLECTION	Collection	CULTURE_ET_LOISIR	N
2	HC_MEMORABILIA_SPORTS	Souvenirs de sport	COLLECTION	F
2	HC_MEMORABILIA_MUSIC	Souvenirs de musique	COLLECTION	F
2	HC_MEMORABILIA_FILMTV	Souvenirs TV et cinéma	COLLECTION	F
2	HC_MEMORABILIA_OTHER	Autres souvenirs	COLLECTION	F
2	HC_NUMISMATICS_BANKNOTES	Billets	COLLECTION	F
2	HC_NUMISMATICS_COINS	Pièces de monnaie	COLLECTION	F
2	HC_NUMISMATICS_LOTS	Lots de monnaies	COLLECTION	F
2	HC_NUMISMATICS_MEDALSTOKENS	Médailles et jetons	COLLECTION	F
2	HC_NUMISMATICS_SHARES	Titres et actions	COLLECTION	F
2	HC_PHILATELY_SINGLES	Timbres à l'unité	COLLECTION	F
2	HC_PHILATELY_LOTS	Lots de timbres	COLLECTION	F
2	HC_PHILATELY_FDC	Enveloppes premier jour	COLLECTION	F
2	HC_PHILATELY_GUIDES	Catalogues et guides de timbres	COLLECTION	F
2	HC_PHILATELY_TOOLS	Outils et matériel pour timbres	COLLECTION	F
2	HC_POSTCARDS	Cartes postales	COLLECTION	F
1	COLLECTION_STORAGE	Rangement de collection	CULTURE_ET_LOISIR	N
2	HC_STORAGE_ALBUMS	Albums et classeurs	COLLECTION_STORAGE	F
2	HC_STORAGE_BOXES	Boîtes de rangement	COLLECTION_STORAGE	F
2	HC_STORAGE_SLEEVES	Protège-cartes souples	COLLECTION_STORAGE	F
2	HC_STORAGE_SCREWDOWNS	Protège-cartes rigides	COLLECTION_STORAGE	F
2	HC_STORAGE_DECKBOXES	Boîtes pour jeux de cartes	COLLECTION_STORAGE	F
2	HC_STORAGE_ALBUMDIVIDERS	Intercalaires	COLLECTION_STORAGE	F
2	HC_STORAGE_ALBUMREFILLS	Recharges pour albums	COLLECTION_STORAGE	F
2	HC_STORAGE_PUZZLEMATS	Tapis de puzzle	COLLECTION_STORAGE	F
2	HC_STORAGE_OTHER	Autres rangements	COLLECTION_STORAGE	F
2	HC_GAMING_ACC_DICE	Dés	COLLECTION_STORAGE	F
2	HC_GAMING_ACC_TOKENS	Jetons et marqueurs	COLLECTION_STORAGE	F
2	HC_GAMING_ACC_PLAYMATS	Tapis de jeu	COLLECTION_STORAGE	F
2	HC_GAMING_ACC_OTHER	Autres accessoires de jeux	COLLECTION_STORAGE	F
0	TOYS_AND_GAMES	Jeux et jouets		N
1	ACTION_FIGURES_NEW	Figurines et accessoires	TOYS_AND_GAMES	N
2	TOY_FIGURES	Figurines	ACTION_FIGURES_NEW	F
2	TOY_FIGURE_ACCESSORIES	Accessoires	ACTION_FIGURES_NEW	F
2	TOY_FIGURE_PLAYSET	Sets de jeux	ACTION_FIGURES_NEW	F
1	BOARD_GAMES	Jeux de société	TOYS_AND_GAMES	F
1	KID_CRAFTS	Loisirs créatifs	TOYS_AND_GAMES	N
2	KID_SMOCKS	Tabliers et blouses	KID_CRAFTS	F
2	KID_BEADS	Perles et fabrication de bijoux	KID_CRAFTS	F
2	KID_CLAY	Argile et pâte à modeler	KID_CRAFTS	F
2	KID_CRAFT_KIT	Kits créatifs	KID_CRAFTS	F
2	KID_DRAW_PAINT	Peinture et dessin	KID_CRAFTS	F
2	KID_EASELS	Tableaux et ardoises	KID_CRAFTS	F
2	KID_PRINT_STAMP	Pochoirs et tampons	KID_CRAFTS	F
2	KID_STICKER_STATIONERY	Gommettes et accessoires de papeterie	KID_CRAFTS	F
1	BABY_ACTIVITIES_TOYS	Activités et jouets pour bébé	TOYS_AND_GAMES	N
2	BABY_ACTIVITY_CENTER	Centres d'activités et trotteurs	BABY_ACTIVITIES_TOYS	F
2	BABY_GYMS	Tapis d'éveil et d'activités	BABY_ACTIVITIES_TOYS	F
2	BATH_TOYS	Jouets de bain	BABY_ACTIVITIES_TOYS	F
2	PUSH_PULL_TOYS	Jouets à pousser et à tirer	BABY_ACTIVITIES_TOYS	F
2	RATTLES_TOYS	Hochets	BABY_ACTIVITIES_TOYS	F
2	SORT_STACK_TOYS	Jouets de tri et d'empilement	BABY_ACTIVITIES_TOYS	F
2	TEETHERS	Jouets de dentition	BABY_ACTIVITIES_TOYS	F
1	CONSTRUCTION_NEW	Jeux de construction	TOYS_AND_GAMES	F
1	DOLLS_NEW	Poupées, poupons et accessoires	TOYS_AND_GAMES	N
2	DOLLS	Poupées et poupons	DOLLS_NEW	F
2	DOLL_CLOTHES_ACC	Accessoires pour poupée et poupon	DOLLS_NEW	F
2	DOLL_FURNITURE	Meubles et accessoires pour maison de poupée	DOLLS_NEW	F
2	DOLLHOUSE	Maisons de poupées	DOLLS_NEW	F
2	DOLL_PLAYSET	Kits de jeu pour poupée et poupon	DOLLS_NEW	F
1	TOY_PRETEND_PLAY	Déguisements	TOYS_AND_GAMES	F
1	EDUCATIONAL_TOYS_NEW	Jeux éducatifs	TOYS_AND_GAMES	N
2	FLASH_CARDS	Cartes flash	EDUCATIONAL_TOYS_NEW	F
2	PRISM_TOYS	Kaléidoscopes et prismes	EDUCATIONAL_TOYS_NEW	F
2	PHONICS_TOYS	Jeux de lecture et d'écriture	EDUCATIONAL_TOYS_NEW	F
2	STEM_TOYS	Jeux scientifiques et STEM	EDUCATIONAL_TOYS_NEW	F
2	OTHER_EDU_TOYS	Autres jeux éducatifs	EDUCATIONAL_TOYS_NEW	F
1	ELECTRONIC_NEW	Jeux et jouets électroniques	TOYS_AND_GAMES	N
2	AUDIOPLAYER_MEDIA	Musiques et histoires	ELECTRONIC_NEW	F
2	ELEC_PET	Peluches interactives	ELECTRONIC_NEW	F
2	KARAOKE_TOY	Équipements de karaoké pour enfants	ELECTRONIC_NEW	F
2	AUDIOPLAYER_TOY	Boîtes à musique et histoires	ELECTRONIC_NEW	F
2	RC_TOY	Jouets télécommandés	ELECTRONIC_NEW	F
2	KID_CAMERA	Appareils photo pour enfant	ELECTRONIC_NEW	F
2	WALKIE_TALKIE_TOY	Talkies-walkies	ELECTRONIC_NEW	F
2	OTHER_ELEC_TOY	Autres jeux et jouets électroniques	ELECTRONIC_NEW	F
1	MUSICAL_NEW	Jeux/jouets musicaux et instruments	TOYS_AND_GAMES	F
1	NOVELTY_FIDGET_TOYS	Jeux de cirque, fidgets et gadgets	TOYS_AND_GAMES	F
1	OUTDOOR_NEW	Jeux de sport et de plein air	TOYS_AND_GAMES	N
2	BALLPIT_TOYS	Piscines à balles et accessoires	OUTDOOR_NEW	F
2	BEACH_WATER_TOYS	Jeux d'eau et de plage	OUTDOOR_NEW	F
2	BUBBLE_TOYS	Machines et flacons à bulles	OUTDOOR_NEW	F
2	FOAMBLASTER_TOYS	Pistolets à projectiles en mousse et accessoires	OUTDOOR_NEW	F
2	GARDEN_GAMES	Autres jeux de plein air	OUTDOOR_NEW	F
2	KITE_ROCKET_TOY	Cerfs-volants et fusées	OUTDOOR_NEW	F
2	SANDPIT_WATERTABLE_TOY	Jeux de sable et d'eau	OUTDOOR_NEW	F
2	SPORTS_TOYS	Jeux de sport	OUTDOOR_NEW	F
1	STUFFED_ANIMALS_NEW	Peluches	TOYS_AND_GAMES	F
1	VEHICLE_TOYS	Voitures, trains et autres véhicules	TOYS_AND_GAMES	N
2	TOY_PLANES	Avions	VEHICLE_TOYS	F
2	TOY_CARS	Voitures	VEHICLE_TOYS	F
2	TOY_TRAINS	Trains	VEHICLE_TOYS	F
2	TRUCKS	Camions	VEHICLE_TOYS	F
2	TOY_TRACK_GARAGE	Circuits et garages	VEHICLE_TOYS	F
2	OTHER_TOY_VEHICLES	Autres véhicules	VEHICLE_TOYS	F
1	PUZZLES	Puzzles	TOYS_AND_GAMES	F
1	TABLETOP_GAMES	Jeux de plateau	TOYS_AND_GAMES	F
0	WOMEN_ROOT	Femmes		N
1	WOMENS	Vêtements	WOMEN_ROOT	N
2	COATS_JACKETS	Manteaux et vestes	WOMENS	N
3	CAPES_PONCHOS	Capes et ponchos	COATS_JACKETS	F
3	W_COATS	Manteaux	COATS_JACKETS	F
3	WOMEN_OUTERWEAR_VESTS	Vestes sans manches	COATS_JACKETS	F
3	W_JACKETS	Vestes	COATS_JACKETS	F
3	W_BOMBERS	Blousons mi-saison	COATS_JACKETS	F
3	W_RAINCOATS	Imperméables et coupe-vent	COATS_JACKETS	F
2	PULLOVERS_SWEATERS	Pulls, sweats et gilets	WOMENS	N
3	HOODIES_JUMPERS	Sweats & sweats à capuche	PULLOVERS_SWEATERS	F
3	PULLS_SWEATERS_VESTS	Pulls	PULLOVERS_SWEATERS	F
3	WOMEN_WAISTCOAT_SWEATER	Gilets	PULLOVERS_SWEATERS	F
3	W_NEW_SWEATERS	Sweats	PULLOVERS_SWEATERS	F
3	CARDIGANS	Cardigans	PULLOVERS_SWEATERS	F
3	WOM_PUL_OTHER	Autres pull-overs & sweat-shirts	PULLOVERS_SWEATERS	F
2	BLAZERS	Blazers et tailleurs	WOMENS	N
3	WOM_BLA_BLAZERS	Blazers	BLAZERS	F
3	W_PANTSUITS	Ensembles tailleur/pantalon	BLAZERS	F
3	W_SKIRT_SUITS	Jupes et robes tailleurs	BLAZERS	F
3	W_SUIT_SEPARATES	Tailleurs pièces séparées	BLAZERS	F
3	W_OTHER_SUITS_BLAZERS	Autres ensembles & tailleurs	BLAZERS	F
2	DRESSES	Robes	WOMENS	N
3	MAXI_DRESSES	Robes longues	DRESSES	F
3	OCCASIONAL_DRESSES	Robes pour occasions	DRESSES	F
3	SUMMER_DRESSES	Robes d'été	DRESSES	F
3	WINTER_DRESSES	Robes d'hiver	DRESSES	F
3	FORMAL_DRESSES	Robes chics	DRESSES	F
3	CASUAL_DRESSES	Robes casual	DRESSES	F
3	STRAPLESS_DRESSES	Robes sans bretelles	DRESSES	F
3	LITTLE_BLACK_DRESSES	Petites robes noires	DRESSES	F
3	JEANS_DRESSES_TUNICS	Robes en jean	DRESSES	F
3	WOM_DRE_OTHER	Autres robes	DRESSES	F
2	SKIRTS	Jupes	WOMENS	N
3	MINI_SKIRTS	Minijupes	SKIRTS	F
3	WOMEN_KNEE_LENGTH_SKIRTS_REAL	Jupes longueur genou	SKIRTS	F
3	KNEE_LENGTH_SKIRTS	Jupes midi	SKIRTS	F
3	MAXI_SKIRTS	Jupes longues	SKIRTS	F
3	WOMEN_ASYMMETRIC_SKIRTS	Jupes asymétriques	SKIRTS	F
3	WOMEN_SKORTS	Jupes-shorts	SKIRTS	F
2	TOPS_T_SHIRTS	Chemises, hauts et t-shirts	WOMENS	N
3	SHIRTS	Chemises	TOPS_T_SHIRTS	F
3	BLOUSES	Blouses	TOPS_T_SHIRTS	F
3	VESTS	Vestes	TOPS_T_SHIRTS	F
3	WOM_TOP_T_SHIRTS	T-shirts	TOPS_T_SHIRTS	F
3	WOM_TOP_T_SHIRTS_LONG_SLEEVE	T-shirts manches longues	TOPS_T_SHIRTS	F
3	TANK_TOPS	Débardeurs	TOPS_T_SHIRTS	F
3	TUNICS	Tuniques ou blouses	TOPS_T_SHIRTS	F
3	CROP_TOPS	Tops courts	TOPS_T_SHIRTS	F
3	SHORT_SLEEVE_BLOUSES	Blouses manches courtes	TOPS_T_SHIRTS	F
3	MIDDLE_SLEEVE_BLOUSES	Blouses ¾	TOPS_T_SHIRTS	F
3	LONG_SLEEVE_BLOUSES	Blouses manches longues	TOPS_T_SHIRTS	F
3	TOPS_BODIES	Bodies	TOPS_T_SHIRTS	F
3	TUBE_TOPS	Tops épaules dénudées	TOPS_T_SHIRTS	F
3	W_TURTLENECKS	Cols roulés	TOPS_T_SHIRTS	F
3	PEPLUM_TOPS	Tops peplum	TOPS_T_SHIRTS	F
3	HALTER_TOPS	Tops dos nu	TOPS_T_SHIRTS	F
3	WOM_TOP_OTHER	Autres hauts	TOPS_T_SHIRTS	F
2	JEANS	Jeans	WOMENS	N
3	W_CROPPED_JEANS	Jeans courts	JEANS	F
3	FLARED_JEANS	Jeans évasés	JEANS	F
3	W_HIGH_WAIST_JEANS	Jeans taille haute	JEANS	F
3	W_RIPPED_JEANS	Jeans troués	JEANS	F
3	W_SKINNY_JEANS	Jeans skinny	JEANS	F
3	W_STRAIGHT_JEANS	Jeans droits	JEANS	F
3	JEANS_OTHER	Autre	JEANS	F
2	TROUSERS	Pantalons et leggings	WOMENS	N
3	W_REGULAR_PANTS	Pantalons	TROUSERS	F
3	CROPPED_PANTS	Pantalons courts & chinos	TROUSERS	F
3	WIDE_LEG_PANTS	Pantalons à jambes larges	TROUSERS	F
3	SKINNY_TROUSERS	Pantalons skinny	TROUSERS	F
3	TAILORED_TROUSERS	Pantalons ajustés	TROUSERS	F
3	W_SLIM_STRAIGHT_PANTS	Pantalons droits	TROUSERS	F
3	LEATHER_TROUSERS	Pantalons en cuir	TROUSERS	F
3	LEGGINGS	Leggings	TROUSERS	F
3	JOGGINGS	Joggings	TROUSERS	F
3	HAREMS	Sarouels	TROUSERS	F
3	WOM_TRO_OTHER	Autres pantalons	TROUSERS	F
2	SHORTS_CAPRIS	Shorts	WOMENS	N
3	LOW_WAIST_SHORTS	Shorts taille basse	SHORTS_CAPRIS	F
3	HIGH_WASTED_SHORTS	Shorts taille haute	SHORTS_CAPRIS	F
3	MEDIUM_LENGTH_SHORTS	Shorts longueur genou	SHORTS_CAPRIS	F
3	JEANS_SHORTS	Short en jean	SHORTS_CAPRIS	F
3	LEATHER_SHORTS	Shorts en cuir	SHORTS_CAPRIS	F
3	CARGO_SHORTS	Shorts cargo	SHORTS_CAPRIS	F
3	CAPRI_TROUSERS	Pantacourts	SHORTS_CAPRIS	F
3	WOM_SHO_OTHER	Autres shorts	SHORTS_CAPRIS	F
2	JUMPSUITS_UK	Combinaisons et combishorts	WOMENS	N
3	W_JUMPSUITS	Combinaisons	JUMPSUITS_UK	F
3	W_ROMPERS	Combi Shorts	JUMPSUITS_UK	F
3	W_OTHER_ROMPERS_JUMPSUITS	Autres combinaisons & combishorts	JUMPSUITS_UK	F
2	SWIMWEAR	Maillots de bain	WOMENS	N
3	ONE_PIECES	Une pièce	SWIMWEAR	F
3	TWO_PIECE_SWIMWEAR	Deux pièces	SWIMWEAR	F
3	COVERUP_SWIMWEAR	Paréos et sarongs	SWIMWEAR	F
3	WOM_SWI_OTHER	Autres	SWIMWEAR	F
2	LINGERIE	Lingerie et pyjamas	WOMENS	N
3	BRAS	Soutiens-gorge	LINGERIE	F
3	PANTIES_THONGS	Culottes	LINGERIE	F
3	WOM_LIN_SETS	Ensembles	LINGERIE	F
3	NIGHTWEAR	Pyjamas et tenues de nuit	LINGERIE	F
3	DRESSING_GOWNS	Peignoirs	LINGERIE	F
3	INTIMATES_TIGHTS	Collants	LINGERIE	F
3	INTIMATES_SOCKS	Chaussettes	LINGERIE	F
3	LINGERIE_ACC	Accessoires de lingerie	LINGERIE	F
3	WOM_LIN_OTHER	Autres	LINGERIE	F
2	MATERNITY_CLOTHES_MAIN	Maternité	WOMENS	N
3	MATERNITY_TOPS	Tops maternité	MATERNITY_CLOTHES_MAIN	F
3	MATERNITY_DRESSES	Robes maternité	MATERNITY_CLOTHES_MAIN	F
3	MATERNITY_SKIRTS	Jupes maternité	MATERNITY_CLOTHES_MAIN	F
3	MATERNITY_PANTS	Pantalons maternité	MATERNITY_CLOTHES_MAIN	F
3	MATERNITY_SHORTS	Shorts maternité	MATERNITY_CLOTHES_MAIN	F
3	MATERNITY_ROMPERS_JUMPSUITS	Combinaisons & combi shorts maternité	MATERNITY_CLOTHES_MAIN	F
3	MATERNITY_HOODIES_SWEATERS	Pulls à capuche & pulls maternité	MATERNITY_CLOTHES_MAIN	F
3	MATERNITY_COATS_JACKETS	Manteaux & vestes maternité	MATERNITY_CLOTHES_MAIN	F
3	MATERNITY_SWIMWEAR_BEACHWEAR	Maillots & tenues de plage maternité	MATERNITY_CLOTHES_MAIN	F
3	MATERNITY_UNDERWEAR	Sous-vêtements maternité	MATERNITY_CLOTHES_MAIN	F
3	MATERNITY_SPORT	Vêtements de sport	MATERNITY_CLOTHES_MAIN	F
2	SPORTSWEAR_WOMEN	Vêtements de sport	WOMENS	N
3	WOM_SPO_OUTERWEAR	Vêtements d'extérieur	SPORTSWEAR_WOMEN	F
3	TRAINING_COSTUMES	Survêtements	SPORTSWEAR_WOMEN	F
3	WOM_SPO_TROUSERS	Pantalons & leggings	SPORTSWEAR_WOMEN	F
3	WOM_SPO_SHORTS	Shorts	SPORTSWEAR_WOMEN	F
3	WOM_SPO_DRESSES	Robes	SPORTSWEAR_WOMEN	F
3	WOM_SPO_SKIRTS	Jupes	SPORTSWEAR_WOMEN	F
3	WOM_SPO_TOPS_T_SHIRTS	Hauts & t-shirts	SPORTSWEAR_WOMEN	F
3	WOM_JERSEYS	Maillots	SPORTSWEAR_WOMEN	F
3	WOM_SPO_PULLOVERS_SWEATERS	Sweats et sweats à capuche	SPORTSWEAR_WOMEN	F
3	WOM_SPO_ACCESSORIES	Accessoires de sports	SPORTSWEAR_WOMEN	F
3	SPORTS_BRA	Brassières	SPORTSWEAR_WOMEN	F
3	WOM_SPO_OTHER	Autres	SPORTSWEAR_WOMEN	F
2	SPECIAL_OUTFITS_COSTUMES_W	Costumes et tenues particulières	WOMENS	F
2	OTHER_CLOTHES	Autres	WOMENS	F
1	FOOTWEAR	Chaussures	WOMEN_ROOT	N
2	WOMEN_BALLERINAS	Ballerines	FOOTWEAR	F
2	WOMEN_BOAT_SHOES_LOAFERS_MOCCASINS	Mocassins et chaussures bateau	FOOTWEAR	F
2	W_BOOTS	Bottes	FOOTWEAR	N
3	WOMEN_ANKLE_BOOTS	Bottines	W_BOOTS	F
3	WOMEN_MID_CALF_BOOTS	Bottes mi-hautes	W_BOOTS	F
3	KNEE_LENGHT_BOOTS	Bottes hautes	W_BOOTS	F
3	WOMEN_OVER_KNEE_BOOTS	Cuissardes	W_BOOTS	F
3	WOMEN_SNOW_BOOTS	Bottes de neige	W_BOOTS	F
3	WELLINGTON_BOOTS	Bottes de pluie	W_BOOTS	F
3	WOMEN_WORK_BOOTS	Bottes de travail	W_BOOTS	F
2	WOMEN_CLOGS_MULES	Mules et sabots	FOOTWEAR	F
2	WOMEN_ESPADRILLES	Espadrilles	FOOTWEAR	F
2	WOMEN_FLIPFLOPS_SLIDES	Claquettes et tongs	FOOTWEAR	F
2	HIGH_HEELS	Chaussures à talons	FOOTWEAR	F
2	WOMEN_LACE_UP_SHOES	Chaussures à lacets	FOOTWEAR	F
2	WOMEN_SANDALS	Sandales	FOOTWEAR	F
2	SLIPPERS	Chaussons et pantoufles	FOOTWEAR	F
2	WOMEN_SPORT_SHOES	Chaussures de sport	FOOTWEAR	N
3	WOMEN_BASKETBALL_SHOES	Chaussures de basket	WOMEN_SPORT_SHOES	F
3	WOMEN_CLIMBING_BOULDERING_SHOES	Chaussures d'escalade	WOMEN_SPORT_SHOES	F
3	WOMEN_CYCLING_SHOES	Chaussures de cyclisme	WOMEN_SPORT_SHOES	F
3	WOMEN_DANCE_SHOES	Chaussures de danse	WOMEN_SPORT_SHOES	F
3	WOMEN_FOOTBALL_BOOTS	Chaussures de foot	WOMEN_SPORT_SHOES	F
3	WOMEN_GOLF_SHOES	Chaussures de golf	WOMEN_SPORT_SHOES	F
3	WOMEN_HIKING_BOOTS_SHOES	Chaussures et bottes de randonnée	WOMEN_SPORT_SHOES	F
3	WOMEN_ICE_SKATES	Patins à glace	WOMEN_SPORT_SHOES	F
3	WOMEN_INDOOR_FOOTBALL_SHOES	Chaussures de foot en salle	WOMEN_SPORT_SHOES	F
3	WOMEN_INDOOR_TRAINING_SHOES	Chaussures de fitness	WOMEN_SPORT_SHOES	F
3	WOMEN_MOTORBIKE_BOOTS	Bottes de moto	WOMEN_SPORT_SHOES	F
3	WOMEN_ROLLER_SKATES_BLADES	Patins à roulettes et rollers	WOMEN_SPORT_SHOES	F
3	WOMEN_RUNNING_SHOES	Chaussures de course	WOMEN_SPORT_SHOES	F
3	WOMEN_SKI_BOOTS	Chaussures de ski	WOMEN_SPORT_SHOES	F
3	WOMEN_SNOWBOARD_BOOTS	Bottes de snowboard	WOMEN_SPORT_SHOES	F
3	WOMEN_SWIMMING_WATER_SHOES	Chaussures aquatiques	WOMEN_SPORT_SHOES	F
3	WOMEN_TENNIS_SHOES	Chaussures de tennis	WOMEN_SPORT_SHOES	F
2	WOMEN_TRAINERS	Baskets	FOOTWEAR	F
1	BAGS_BACKPACKS	Sacs	WOMEN_ROOT	N
2	BACKPACKS	Sacs à dos	BAGS_BACKPACKS	F
2	WOMEN_BASKET_BAGS	Sacs panier	BAGS_BACKPACKS	F
2	WOMEN_BEACH_BAGS	Sacs de plage	BAGS_BACKPACKS	F
2	WOMEN_BRIEFCASES	Mallettes	BAGS_BACKPACKS	F
2	W_BUM_BAGS	Sacs banane	BAGS_BACKPACKS	F
2	CLUTCHES	Pochettes	BAGS_BACKPACKS	F
2	WOMEN_GARMENT_BAGS	Housses pour vêtements	BAGS_BACKPACKS	F
2	WOMEN_GYM_BAGS	Sacs de sport	BAGS_BACKPACKS	F
2	HANDBAGS	Sacs à main	BAGS_BACKPACKS	F
2	W_HOLDALLS	Fourre-tout et sacs marins	BAGS_BACKPACKS	F
2	W_LUGGAGE	Sacs de voyage	BAGS_BACKPACKS	F
2	MAKE_UP_BAGS	Trousses à maquillage	BAGS_BACKPACKS	F
2	SATCHELS_NEW	Cartables et sacoches	BAGS_BACKPACKS	F
2	SHOULDER_BAGS	Sacs à bandoulière	BAGS_BACKPACKS	F
2	TOTE_BAGS	Sacs fourre-tout	BAGS_BACKPACKS	F
2	PURSES	Porte-monnaie	BAGS_BACKPACKS	F
2	WOMEN_WRISTLETS	Bracelets	BAGS_BACKPACKS	F
2	WASH_BAGS	Trousses de toilette	BAGS_BACKPACKS	F
2	WOMEN_BUCKET_BAGS	Sacs seau	BAGS_BACKPACKS	F
2	WOMEN_HOBO_BAGS	Besaces	BAGS_BACKPACKS	F
1	ACCESSORIES_JEWELLERY	Accessoires	WOMEN_ROOT	N
2	WOMEN_BANDANAS_HEADSCARVES	Bandanas et foulards pour cheveux	ACCESSORIES_JEWELLERY	F
2	BELTS	Ceintures	ACCESSORIES_JEWELLERY	F
2	GLOVES	Gants	ACCESSORIES_JEWELLERY	F
2	W_HAIR_ACCESSORIES	Accessoires pour cheveux	ACCESSORIES_JEWELLERY	F
2	JEWELRY	Bijoux	ACCESSORIES_JEWELLERY	N
3	ANKLETS_NEW	Bracelets de cheville	JEWELRY	F
3	WOMEN_BODY_JEWELLERY	Bijoux de corps	JEWELRY	F
3	BRACELETS	Bracelets	JEWELRY	F
3	BROOCHES	Broches	JEWELRY	F
3	WOMEN_CHARMS_PENDANTS	Breloques et pendentifs	JEWELRY	F
3	EARRINGS	Boucles d'oreilles	JEWELRY	F
3	WOM_ACC_JEW_SETS	Ensembles de bijoux	JEWELRY	F
3	NECKLACES_BEADS_PENDANTS	Colliers	JEWELRY	F
3	WOM_ACC_JEW_RINGS	Bagues	JEWELRY	F
3	WOM_ACC_JEW_OTHER	Autres bijoux	JEWELRY	F
2	WOM_ACC_HATS_CAPS	Chapeaux & casquettes	ACCESSORIES_JEWELLERY	N
3	WOMEN_BALACLAVAS	Cagoules	WOM_ACC_HATS_CAPS	F
3	WOMEN_BEANIES	Bonnets	WOM_ACC_HATS_CAPS	F
3	CAPS	Casquettes	WOM_ACC_HATS_CAPS	F
3	WOMEN_EARMUFFS	Cache-oreilles	WOM_ACC_HATS_CAPS	F
3	HATS	Chapeaux	WOM_ACC_HATS_CAPS	F
3	HEADBANDS	Bandeaux	WOM_ACC_HATS_CAPS	F
2	KEY_RINGS	Porte-clés	ACCESSORIES_JEWELLERY	F
2	WOM_ACC_SCARVES_SHAWLS	Écharpes et châles	ACCESSORIES_JEWELLERY	F
2	SUNGLASSES	Lunettes de soleil	ACCESSORIES_JEWELLERY	F
2	W_ACC_UMBRELLAS	Parapluies	ACCESSORIES_JEWELLERY	F
2	WATCHES	Montres	ACCESSORIES_JEWELLERY	F
2	W_OTHER_ACCESSORIES	Autres accessoires	ACCESSORIES_JEWELLERY	F
1	BEAUTY	Beauté	WOMEN_ROOT	N
2	BEAUTY_PERFUMES	Parfums	BEAUTY	F
2	BEAUTY_MAKEUP	Maquillage	BEAUTY	F
2	BEAUTY_SKINCARE_FACE	Soins visage	BEAUTY	F
2	BEAUTY_BODYCARE	Soins corps et douche	BEAUTY	F
2	BEAUTY_HAIRCARE	Soins cheveux	BEAUTY	F
2	BEAUTY_TOOLS	Outils et accessoires beauté	BEAUTY	F
2	BEAUTY_BATH_SPA	Bain et spa	BEAUTY	F
0	MENS	Hommes		N
1	MEN_CLOTHING	Vêtements	MENS	N
2	MEN_TRO_JEANS	Jeans	MEN_CLOTHING	N
3	MEN_RIPPED_JEANS	Jeans troués	MEN_TRO_JEANS	F
3	MEN_SKINNY_JEANS	Jeans skinny	MEN_TRO_JEANS	F
3	MEN_SLIMFIT_JEANS	Jeans slim	MEN_TRO_JEANS	F
3	MEN_STRAIGHTFIT_JEANS	Jeans coupe droite	MEN_TRO_JEANS	F
2	MEN_OUTERWEAR_NEW	Manteaux et vestes	MEN_CLOTHING	N
3	MEN_COATS	Manteaux	MEN_OUTERWEAR_NEW	F
3	MEN_OUTERWEAR_VESTS	Vestes sans manches	MEN_OUTERWEAR_NEW	F
3	MEN_JACKETS	Vestes	MEN_OUTERWEAR_NEW	F
3	MEN_PONCHOS	Ponchos	MEN_OUTERWEAR_NEW	F
2	MEN_TOPS_T_SHIRTS	Hauts et t-shirts	MEN_CLOTHING	N
3	MEN_TOP_SHIRTS	Chemises	MEN_TOPS_T_SHIRTS	F
3	MEN_TOP_POLOS	Polos	MEN_TOPS_T_SHIRTS	F
3	MEN_TOP_T_SHIRTS	T-shirts	MEN_TOPS_T_SHIRTS	F
3	MEN_TOP_VESTS	T-shirts sans manches	MEN_TOPS_T_SHIRTS	F
2	SUITS_BLAZERS	Costumes et blazers	MEN_CLOTHING	N
3	BLAZERS_MEN	Blazers	SUITS_BLAZERS	F
3	SUIT_PANTS	Pantalons de costume	SUITS_BLAZERS	F
3	SUIT_WAISTCOAT	Gilets de costume	SUITS_BLAZERS	F
3	SUIT_SET_MEN	Ensembles costume	SUITS_BLAZERS	F
3	WEDDING_SUIT	Costumes de mariage	SUITS_BLAZERS	F
3	SUITS_BLAZERS_OTHER	Autres	SUITS_BLAZERS	F
2	MEN_PULLOVERS_SWEATERS	Sweats et pulls	MEN_CLOTHING	N
3	MEN_SWEATERS	Sweats	MEN_PULLOVERS_SWEATERS	F
3	MEN_PUL_HOODIES_PULLOVERS	Pulls et pulls à capuche	MEN_PULLOVERS_SWEATERS	F
3	MEN_ZIPHOODIES	Pulls à capuche avec zip	MEN_PULLOVERS_SWEATERS	F
3	MEN_PUL_CARDIGANS	Cardigans	MEN_PULLOVERS_SWEATERS	F
3	MEN_CREWNECK_JUMPER	Pulls ras de cou	MEN_PULLOVERS_SWEATERS	F
3	MEN_PUL_V_NECK_SWEATERS	Sweats à col V	MEN_PULLOVERS_SWEATERS	F
3	MEN_PUL_TURTLENECK_SWEATERS	Pulls à col roulé	MEN_PULLOVERS_SWEATERS	F
3	MEN_LONG_SWEATER	Sweats longs	MEN_PULLOVERS_SWEATERS	F
3	MEN_KNITTED_SWEATER	Pulls d'hiver	MEN_PULLOVERS_SWEATERS	F
3	OUTDOOR_VEST	Vestes	MEN_PULLOVERS_SWEATERS	F
3	MEN_PUL_OTHER	Autres	MEN_PULLOVERS_SWEATERS	F
2	MEN_TROUSERS	Pantalons	MEN_CLOTHING	N
3	MEN_CHINOS	Chinos	MEN_TROUSERS	F
3	MEN_JOGGERS	Jogging	MEN_TROUSERS	F
3	MEN_TRO_SKINNY_TROUSERS	Pantalons skinny	MEN_TROUSERS	F
3	MEN_SHO_CAPRI_TROUSERS	Pantacourts	MEN_TROUSERS	F
3	MEN_TRO_TAILORED_TROUSERS	Pantalons de costume	MEN_TROUSERS	F
3	MEN_TRO_WIDE_LEGGED_TROUSERS	Pantalons à jambes larges	MEN_TROUSERS	F
3	MEN_TRO_OTHER	Autres pantalons	MEN_TROUSERS	F
2	SHORTS_CAPRI_PANTS	Shorts	MEN_CLOTHING	N
3	MEN_CARGO_SHORTS	Shorts cargo	SHORTS_CAPRI_PANTS	F
3	MEN_CHINO_SHORTS	Shorts chino	SHORTS_CAPRI_PANTS	F
3	MEN_DENIM_SHORTS	Shorts en jean	SHORTS_CAPRI_PANTS	F
3	MEN_SHO_OTHER	Autres shorts	SHORTS_CAPRI_PANTS	F
2	UNDERWEAR	Sous-vêtements et chaussettes	MEN_CLOTHING	N
3	MEN_UNDERWEAR	Sous-vêtements	UNDERWEAR	F
3	MEN_SOCKS	Chaussettes	UNDERWEAR	F
3	MEN_ROBES	Peignoirs	UNDERWEAR	F
3	OTHER_MEN_UNDERWEAR	Autres	UNDERWEAR	F
2	MEN_SLEEPWEAR	Pyjamas	MEN_CLOTHING	N
3	MEN_ONE_PIECE_PYJAMAS	Pyjamas une-pièce	MEN_SLEEPWEAR	F
3	MEN_PYJAMA_BOTTOMS	Bas de pyjama	MEN_SLEEPWEAR	F
3	MEN_PYJAMA_SETS	Ensembles de pyjamas	MEN_SLEEPWEAR	F
3	MEN_PYJAMA_TOPS	Hauts de pyjama	MEN_SLEEPWEAR	F
2	MEN_SWIMWEAR	Maillots de bain	MEN_CLOTHING	F
2	SPORTSWEAR	Vêtements de sport et accessoires	MEN_CLOTHING	N
3	MEN_SPO_OUTERWEAR	Vêtements d'extérieur	SPORTSWEAR	F
3	MEN_SPO_TRAINING_COSTUMES	Survêtements	SPORTSWEAR	F
3	MEN_SPO_TROUSERS	Pantalons	SPORTSWEAR	F
3	MEN_SPO_SHORTS	Shorts	SPORTSWEAR	F
3	MEN_SPO_TOPS_T_SHIRTS	Hauts et t-shirts	SPORTSWEAR	F
3	MEN_JERSEYS	Maillots	SPORTSWEAR	F
3	MEN_SPO_PULLOVERS_SWEATERS	Pulls & sweats	SPORTSWEAR	F
3	MEN_SPO_ACCESSORIES	Accessoires de sports	SPORTSWEAR	F
3	MEN_SPO_OTHER	Autres	SPORTSWEAR	F
2	SPECIALISED_CLOTHING_COSTUMES	Vêtements spécialisés et costumes	MEN_CLOTHING	F
2	MEN_OTHER	Autres	MEN_CLOTHING	F
1	MEN_SHOES_NEW	Chaussures	MENS	N
2	MEN_BOAT_LOAFERS_MOCCASINS	Mocassins et chaussures bateau	MEN_SHOES_NEW	F
2	MEN_BOOTS	Bottes	MEN_SHOES_NEW	N
3	MEN_CHELSEA_SLIP_ON_BOOTS	Bottines Chelsea et sans lacets	MEN_BOOTS	F
3	MEN_DESERT_LACE_UP_BOOTS	Bottines à lacets	MEN_BOOTS	F
3	MEN_SNOW_BOOTS	Bottes de neige	MEN_BOOTS	F
3	MEN_WELLINGTON	Bottes de pluie	MEN_BOOTS	F
3	MEN_WORK_BOOTS	Bottes de travail	MEN_BOOTS	F
2	MEN_ESPADRILLES	Espadrilles	MEN_SHOES_NEW	F
2	MEN_FLIPFLOPS_SLIDES	Claquettes et tongs	MEN_SHOES_NEW	F
2	MEN_FORMAL	Chaussures habillées	MEN_SHOES_NEW	F
2	MEN_SANDALS_NEW	Sandales	MEN_SHOES_NEW	F
2	MEN_SLIPPERS_2	Chaussons et pantoufles	MEN_SHOES_NEW	F
2	SPORT_SHOES_MEN	Chaussures de sport	MEN_SHOES_NEW	N
3	MEN_BASKETBALL_SHOES	Chaussures de basket	SPORT_SHOES_MEN	F
3	MEN_CLIMBING_BOULDERING_SHOES	Chaussures d'escalade	SPORT_SHOES_MEN	F
3	MEN_CYCLING_SHOES	Chaussures de cyclisme	SPORT_SHOES_MEN	F
3	MEN_DANCE_SHOES	Chaussures de danse	SPORT_SHOES_MEN	F
3	MEN_FOOTBALL_BOOTS	Chaussures de foot	SPORT_SHOES_MEN	F
3	MEN_GOLF_SHOES	Chaussures de golf	SPORT_SHOES_MEN	F
3	MEN_HIKING_BOOTS_SHOES	Chaussures et bottes de randonnée	SPORT_SHOES_MEN	F
3	MEN_ICE_SKATES	Patins à glace	SPORT_SHOES_MEN	F
3	MEN_INDOOR_FOOTBALL_SHOES	Chaussures de foot en salle	SPORT_SHOES_MEN	F
3	SPORT_SHOES_INDOOR_MEN	Chaussures de fitness	SPORT_SHOES_MEN	F
3	MEN_MOTORBIKE_BOOTS	Bottes de moto	SPORT_SHOES_MEN	F
3	MEN_ROLLER_SKATES_BLADES	Patins à roulettes et rollers	SPORT_SHOES_MEN	F
3	SPORT_SHOES_RUNNING_MEN	Chaussures de course	SPORT_SHOES_MEN	F
3	MEN_SKI_BOOTS	Bottes de ski	SPORT_SHOES_MEN	F
3	MEN_SNOWBOARD_BOOTS	Bottes de snowboard	SPORT_SHOES_MEN	F
3	MEN_SWIMMING_WATER_SHOES	Chaussures aquatiques	SPORT_SHOES_MEN	F
3	MEN_TENNIS_SHOES	Chaussures de tennis	SPORT_SHOES_MEN	F
2	MEN_SNEAKERS	Baskets	MEN_SHOES_NEW	F
1	MEN_ACCESSORIES	Accessoires	MENS	N
2	BAGS	Sacs et sacoches	MEN_ACCESSORIES	N
3	MEN_ACC_BAG_BACKPACKS	Sacs à dos	BAGS	F
3	MEN_BRIEFCASES	Mallettes	BAGS	F
3	MEN_ACC_BUMBAGS	Sacs banane	BAGS	F
3	MEN_GYM_BAGS	Sacs de sport	BAGS	F
3	MEN_HOLDALLS	Fourre-tout et sacs marins	BAGS	F
3	MEN_LUGGAGE	Bagages et valises	BAGS	F
3	MEN_ACC_SATCHELS	Cartables et sacoches	BAGS	F
3	MEN_ACC_BAG_SHOULDER_BAGS	Sacs à bandoulière	BAGS	F
3	WALLETS	Porte-monnaie	BAGS	F
3	MEN_WASH_BAGS	Trousses de toilette	BAGS	F
2	MEN_BANDANAS_HEADSCARVES	Bandanas et foulards pour cheveux	MEN_ACCESSORIES	F
2	MEN_ACC_BELTS	Ceintures	MEN_ACCESSORIES	F
2	MEN_BRACES	Bretelles	MEN_ACCESSORIES	F
2	MEN_ACC_GLOVES	Gants	MEN_ACCESSORIES	F
2	MEN_HANDKERCHIEFS	Mouchoirs de poche	MEN_ACCESSORIES	F
2	HATS_CAPS	Chapeaux et casquettes	MEN_ACCESSORIES	N
3	MEN_BALACLAVAS	Cagoules	HATS_CAPS	F
3	MEN_BEANIES	Bonnets	HATS_CAPS	F
3	MEN_ACC_HAT_CAPS	Casquettes	HATS_CAPS	F
3	MEN_ACC_HAT_HATS	Chapeaux	HATS_CAPS	F
2	MEN_POCKET_SQUARES	Pochettes de costume	MEN_ACCESSORIES	F
2	SCARVES_SHAWLS	Écharpes et châles	MEN_ACCESSORIES	F
2	MEN_ACC_SUNGLASSES	Lunettes de soleil	MEN_ACCESSORIES	F
2	MEN_TIES_BOWTIES	Cravates et nœuds papillons	MEN_ACCESSORIES	F
2	MEN_ACC_WATCHES	Montres	MEN_ACCESSORIES	F
2	MEN_JEWELRY	Bijoux	MEN_ACCESSORIES	N
3	MEN_ANKLETS	Bracelets de cheville	MEN_JEWELRY	F
3	MEN_BODY_JEWELLERY	Bijoux de corps	MEN_JEWELRY	F
3	MEN_BRACELETS	Bracelets	MEN_JEWELRY	F
3	MEN_BROOCHES	Broches	MEN_JEWELRY	F
3	MEN_CHARMS_PENDANTS	Breloques et pendentifs	MEN_JEWELRY	F
3	MEN_EARRINGS	Boucles d'oreilles	MEN_JEWELRY	F
3	MEN_JEW_SETS	Ensembles de bijoux	MEN_JEWELRY	F
3	MEN_NECKLACES	Colliers	MEN_JEWELRY	F
3	MEN_JEW_RINGS	Bagues	MEN_JEWELRY	F
3	MEN_JEW_OTHER	Autres bijoux	MEN_JEWELRY	F
2	MEN_ACC_OTHER	Autres	MEN_ACCESSORIES	F
0	CHILDREN_NEW	Enfants		N
1	GIRLS_NEW	Vêtements pour filles	CHILDREN_NEW	N
2	GIRLS_CLOTHING_BUNDLE	Lot de vêtements	GIRLS_NEW	F
2	GIRLS_BABIES	Bébé filles	GIRLS_NEW	N
3	FULL_ROMPERS_GIRLS_NEW	Combinaisons	GIRLS_BABIES	F
3	GIRLS_COMBI_PILOTES_NEW	Combi-pilotes	GIRLS_BABIES	F
3	KID_SLEEPSACK	Gigoteuses et turbulettes	GIRLS_BABIES	F
3	GIRLS_BODIES_NEW	Bodies	GIRLS_BABIES	F
3	ROMPERS_GIRLS_NEW	Grenouillères	GIRLS_BABIES	F
3	SETS_GIRLS_NEW	Ensembles	GIRLS_BABIES	F
3	GIRLS_BABIES_OTHERS	Autre	GIRLS_BABIES	F
2	GIRLS_SHOES	Chaussures	GIRLS_NEW	N
3	BABY_GIRLS_SHOES_NEW	Chaussures bébé	GIRLS_SHOES	F
3	BOOTS_GIRLS_NEW	Bottes	GIRLS_SHOES	F
3	FLAT_GIRLS_NEW	Chaussures plates	GIRLS_SHOES	F
3	GIRLS_FLIP_FLOPS_SANDALS_SLIDES	Sandales, claquettes et tongs	GIRLS_SHOES	F
3	SHOES_OCC_GIRLS_NEW	Chaussures habillées	GIRLS_SHOES	F
3	GIRLS_HEELS	Chaussures à talons	GIRLS_SHOES	F
3	SLIPPERS_GIRLS_NEW	Chaussons et pantoufles	GIRLS_SHOES	F
3	GIRLS_SPORT_SHOES	Chaussures de sport	GIRLS_SHOES	F
3	SNEAKERS_GIRLS_NEW	Baskets	GIRLS_SHOES	F
2	GIRLS_COATS	Vêtements d'extérieur	GIRLS_NEW	N
3	COATS_GIRLS_NEW	Manteaux	GIRLS_COATS	F
3	OUT_VESTS_GIRLS_NEW	Vestes sans manches	GIRLS_COATS	F
3	JACKETS_GIRLS_NEW	Vestes	GIRLS_COATS	F
3	GIRLS_RAIN_GEAR	Vêtements de pluie	GIRLS_COATS	F
3	GIRLS_SNOW_GEAR	Vêtements de ski	GIRLS_COATS	F
2	GIRLS_SWEATERS	Pulls & sweats	GIRLS_NEW	N
3	SWEATERS_GIRLS_NEW	Pulls	GIRLS_SWEATERS	F
3	VNECK_SWEATERS_GIRLS_NEW	Pulls col V	GIRLS_SWEATERS	F
3	TURLENECK_GRILS_NEW	Pulls à col roulé	GIRLS_SWEATERS	F
3	ZIPP_SWEATERS_GIRLS_NEW	Gilets zippés	GIRLS_SWEATERS	F
3	BOLEROS_GIRLS_NEW	Boléros	GIRLS_SWEATERS	F
3	HOODIES_GIRLS_NEW	Pulls à capuche & sweatshirts	GIRLS_SWEATERS	F
3	VESTS_GIRLS_NEW	Gilets	GIRLS_SWEATERS	F
3	OTHER_SWEATERS_GIRLS	Autre	GIRLS_SWEATERS	F
2	GIRLS_SHIRTS	Chemises et t-shirts	GIRLS_NEW	N
3	TOPS_GIRLS_NEW	T-shirts	GIRLS_SHIRTS	F
3	POLOSHIRTS_GIRLS_NEW	Polos	GIRLS_SHIRTS	F
3	SHIRTS_GIRLS_NEW	Chemises	GIRLS_SHIRTS	F
3	SHORTSLEEVE_SHIRTS_GIRLS_NEW	Chemises manches courtes	GIRLS_SHIRTS	F
3	LOGSLEEVE_SHIRTS_GIRLS_NEW	Chemises manches longues	GIRLS_SHIRTS	F
3	SLEEVELESS_SHIRTS_GIRLS_NEW	Chemises sans manches	GIRLS_SHIRTS	F
3	TUNICS_GIRLS_NEW	Tuniques ou blouses	GIRLS_SHIRTS	F
3	OTHER_TOPS_GIRLS	Autre	GIRLS_SHIRTS	F
2	GIRLS_DRESSES	Robes	GIRLS_NEW	N
3	SHORTDRESSES_GIRLS_NEW	Robes courtes	GIRLS_DRESSES	F
3	LONGDRESSES_GIRLS_NEW	Robes longues	GIRLS_DRESSES	F
2	GIRLS_SKIRTS	Jupes	GIRLS_NEW	F
2	GIRLS_PANTS	Pantalons et shorts	GIRLS_NEW	N
3	JEANS_GIRLS_NEW	Jeans	GIRLS_PANTS	F
3	SKINNYPANTS_GIRLS_NEW	Jeans slim	GIRLS_PANTS	F
3	BELLBOTTOMPANTS_GIRLS_NEW	Pantalons pattes d'éléphant	GIRLS_PANTS	F
3	LEGGINGS_GIRLS_NEW	Leggings	GIRLS_PANTS	F
3	JOGGINGS_GIRLS_NEW	Joggings	GIRLS_PANTS	F
3	OVERALLS_ROMPERS_GIRLS_NEW	Salopettes	GIRLS_PANTS	F
3	GIRLS_SHORTS	Shorts et pantacourts	GIRLS_PANTS	F
3	HAREM_GIRLS_NEW	Sarouels	GIRLS_PANTS	F
3	OTHER_PANTS_GIRLS	Autres	GIRLS_PANTS	F
2	GIRLS_BAGS	Sacs et sacs à dos	GIRLS_NEW	F
2	ACCESSORIES_GIRLS_NEW	Accessoires	GIRLS_NEW	N
3	HATS_GIRLS_NEW	Casquettes, chapeaux et bonnets	ACCESSORIES_GIRLS_NEW	F
3	GLOVES_GIRLS_NEW	Gants	ACCESSORIES_GIRLS_NEW	F
3	SCARVES_GIRLS_NEW	Écharpes et châles	ACCESSORIES_GIRLS_NEW	F
3	BELTS_GIRLS_NEW	Ceintures	ACCESSORIES_GIRLS_NEW	F
3	HAIR_ACC_GIRLS_NEW	Bandeaux et barrettes cheveux	ACCESSORIES_GIRLS_NEW	F
3	JEWELRY_GIRLS_NEW	Bijoux	ACCESSORIES_GIRLS_NEW	N
4	BRACELETS_GIRLS_NEW	Bracelets	JEWELRY_GIRLS_NEW	F
4	EARRINGS_GIRLS_NEW	Boucles d'oreilles	JEWELRY_GIRLS_NEW	F
4	NECKLACES_GIRLS_NEW	Colliers	JEWELRY_GIRLS_NEW	F
4	RINGS_GIRLS_NEW	Bagues	JEWELRY_GIRLS_NEW	F
4	JEW_SETS_GIRLS_NEW	Ensembles de bijoux	JEWELRY_GIRLS_NEW	F
4	CHARMS_GIRLS_NEW	Breloques et pendentifs	JEWELRY_GIRLS_NEW	F
4	JEW_OTHER_GIRLS_NEW	Autres bijoux	JEWELRY_GIRLS_NEW	F
3	KIDS_WALLETS_NEW	Porte-monnaie	ACCESSORIES_GIRLS_NEW	F
3	OTHERS_ACC_GIRLS	Autres accessoires	ACCESSORIES_GIRLS_NEW	F
2	GIRLS_SWIM	Équipements de natation	GIRLS_NEW	N
3	SWIMSUITS_GIRLS_NEW	Maillot de bain 1 pièce	GIRLS_SWIM	F
3	BIKINIS_GIRLS_NEW	Maillot de bain 2 pièces	GIRLS_SWIM	F
3	BATHROBES_GIRLS_NEW	Peignoirs	GIRLS_SWIM	F
2	GIRLS_UNDERW	Sous-vêtements	GIRLS_NEW	N
3	SOCKS_GIRLS_NEW	Chaussettes	GIRLS_UNDERW	F
3	TIGHTS_GIRLS_NEW	Collants	GIRLS_UNDERW	F
3	PANTIES_GIRLS_NEW	Culottes	GIRLS_UNDERW	F
2	SLEEPWEAR_GIRLS_NEW	Pyjamas et chemises de nuit	GIRLS_NEW	N
3	ONEPIECE_PAJAMAS_GIRLS	Pyjamas une pièce	SLEEPWEAR_GIRLS_NEW	F
3	TWOPIECE_PAJAMAS_GIRLS_NEW	Pyjamas deux pièces	SLEEPWEAR_GIRLS_NEW	F
3	NIGHTGOWNS_GIRLS_NEW	Chemises de nuit	SLEEPWEAR_GIRLS_NEW	F
2	GIRLS_SPORTS	Vêtements de sport	GIRLS_NEW	F
2	CLOTHING_PACKAGES_NEW	Lots de vêtements	GIRLS_NEW	F
2	COSTUMES_GIRLS_NEW	Déguisements	GIRLS_NEW	F
2	THEMED_COSTUMES_NEW	Tenues de soirée	GIRLS_NEW	F
2	GIRLS_OTHER	Autres	GIRLS_NEW	F
1	BOYS_NEW	Vêtements pour garçons	CHILDREN_NEW	N
2	BOYS_CLOTHING_BUNDLE	Lot de vêtements	BOYS_NEW	F
2	BOYS_BABIES	Bébé garçons	BOYS_NEW	N
3	FULL_ROMPERS_BOYS_NEW	Combinaisons	BOYS_BABIES	F
3	BOYS_COMBI_PILOTES_NEW	Combi-pilotes	BOYS_BABIES	F
3	KID_SLEEPSACK_BOYS_NEW	Gigoteuses et turbulettes	BOYS_BABIES	F
3	BOYS_BODIES_NEW	Bodies	BOYS_BABIES	F
3	ROMPERS_BOYS_NEW	Grenouillères	BOYS_BABIES	F
3	BOYS_SETS_NEW	Ensembles	BOYS_BABIES	F
3	OTHER_BABY_BOYS	Autre	BOYS_BABIES	F
2	BOYS_SHOES	Chaussures	BOYS_NEW	N
3	BOY_BABYSHOES_NEW	Chaussures bébé	BOYS_SHOES	F
3	BOYS_BOAT_LOAFERS_MOCCASINS	Mocassins et chaussures bateau	BOYS_SHOES	F
3	BOOTS_BOYS_NEW	Bottes	BOYS_SHOES	F
3	BOYS_ESPADRILLES	Espadrilles	BOYS_SHOES	F
3	BOYS_FLIP_FLOPS_SANDALS_SLIDES	Sandales, claquettes et tongs	BOYS_SHOES	F
3	SHOES_OCC_BOYS_NEW	Chaussures habillées	BOYS_SHOES	F
3	SLIPPERS_BOYS_NEW	Chaussons et pantoufles	BOYS_SHOES	F
3	BOYS_SPORT_SHOES	Chaussures de sport	BOYS_SHOES	F
3	SNEAKERS_BOYS_NEW	Baskets	BOYS_SHOES	F
2	BOYS_COATS	Vêtements d'extérieur	BOYS_NEW	N
3	BOYS_COATS_NEW	Manteaux	BOYS_COATS	F
3	BOYS_OUTVESTS_NEW	Vestes sans manches	BOYS_COATS	F
3	BOYS_JACKETS_NEW	Vestes	BOYS_COATS	F
3	BOYS_RAIN_GEAR	Vêtements de pluie	BOYS_COATS	F
3	BOYS_SNOW_GEAR	Vêtements de ski	BOYS_COATS	F
2	BOYS_SWEATERS	Pulls & sweats	BOYS_NEW	N
3	SWEATERS_BOYS_NEW	Pulls	BOYS_SWEATERS	F
3	VNECK_SWEATERS_BOYS_NEW	Pulls col V	BOYS_SWEATERS	F
3	TURLENECK_BOYS_NEW	Pulls à col roulé	BOYS_SWEATERS	F
3	ZIPP_SWEATERS_BOYS_NEW	Gilets zippés	BOYS_SWEATERS	F
3	HOODIES_BOYS_NEW	Pulls à capuche et sweatshirts	BOYS_SWEATERS	F
3	VESTS_BOYS_NEW	Gilets	BOYS_SWEATERS	F
3	OTHER_SWEATERS_BOYS	Autre	BOYS_SWEATERS	F
2	BOYS_SHIRTS	Chemises et t-shirts	BOYS_NEW	N
3	TSHIRTS_BOYS_NEW	T-shirts	BOYS_SHIRTS	F
3	POLOSHIRTS_BOYS_NEW	Polos	BOYS_SHIRTS	F
3	SHIRTS_BOYS_NEW	Chemises	BOYS_SHIRTS	F
3	SHORTSLEEVE_SHIRTS_BOYS_NEW	Chemises manches courtes	BOYS_SHIRTS	F
3	LONGSLEEVE_BOYS_NEW	Chemises manches longues	BOYS_SHIRTS	F
3	SLEEVELESS_SHIRTS_BOYS_NEW	Chemises sans manches	BOYS_SHIRTS	F
3	OTHER_TOPS_BOYS	Autre	BOYS_SHIRTS	F
2	BOYS_PANTS	Pantalons et shorts	BOYS_NEW	N
3	JEANS_BOYS_NEW	Jeans	BOYS_PANTS	F
3	SKINNYPANTS_BOYS_NEW	Jeans slim	BOYS_PANTS	F
3	BELLBOTTOMPANTS_BOYS_NEW	Pantalons pattes d'éléphant	BOYS_PANTS	F
3	BOYS_LEGGINGS_NEW	Leggings	BOYS_PANTS	F
3	BOYS_JOGGINGS_NEW	Joggings	BOYS_PANTS	F
3	OVERALLS_ROMPERS_BOYS_NEW	Salopettes	BOYS_PANTS	F
3	BOYS_SHORTS	Shorts et pantacourts	BOYS_PANTS	F
3	BOYS_PANTS_HAREM	Sarouels	BOYS_PANTS	F
3	BOYS_OTH_PANTS	Autres	BOYS_PANTS	F
2	BOYS_BAGS	Sacs et sacs à dos	BOYS_NEW	F
2	ACCESSORIES_BOYS_NEW	Accessoires	BOYS_NEW	N
3	CAPS_BOYS_NEW	Casquettes, chapeaux et bonnets	ACCESSORIES_BOYS_NEW	F
3	GLOVES_BOYS_NEW	Gants	ACCESSORIES_BOYS_NEW	F
3	SCARVES_BOYS_NEW	Écharpes et châles	ACCESSORIES_BOYS_NEW	F
3	BELTS_BOYS_NEW	Ceintures	ACCESSORIES_BOYS_NEW	F
3	WALLETS_BOYS_NEW	Porte-monnaie	ACCESSORIES_BOYS_NEW	F
3	BOWS_BOYS_NEW	Nœuds papillon et cravattes	ACCESSORIES_BOYS_NEW	F
3	BOYS_ACC_NEW	Autres accessoires	ACCESSORIES_BOYS_NEW	F
2	BOYS_SWIM	Équipements de natation	BOYS_NEW	N
3	BATHSHORTS_BOYS_NEW	Maillots de bain	BOYS_SWIM	F
3	BATHROBES_BOYS_NEW	Peignoirs	BOYS_SWIM	F
2	BOYS_SWIMWEAR	Sous-vêtements	BOYS_NEW	N
3	SOCKS_BOYS_NEW	Chaussettes	BOYS_SWIMWEAR	F
3	TIGHTS_BOYS_NEW	Collants	BOYS_SWIMWEAR	F
3	PANTIES_BOYS_NEW	Culottes	BOYS_SWIMWEAR	F
3	OTHER_UNDER_BOYS	Autre	BOYS_SWIMWEAR	F
2	SLEEPWEAR_BOYS_NEW	Pyjamas	BOYS_NEW	N
3	ONEPIECE_PAJAMAS_BOYS	Pyjamas une pièce	SLEEPWEAR_BOYS_NEW	F
3	TWOPIECE_PAJAMAS_BOYS	Pyjamas deux pièces	SLEEPWEAR_BOYS_NEW	F
2	BOYS_SPORTS	Vêtements de sport	BOYS_NEW	F
2	BOYS_PACKAGES	Lots de vêtements	BOYS_NEW	F
2	TWINS_BOYS_NEW	Jumeaux et plus	BOYS_NEW	F
2	OCC_BOYS_NEW	Déguisements	BOYS_NEW	F
2	BOYS_THEMED_COSTUMES	Tenues de soirée	BOYS_NEW	F
2	BOYS_OTHER	Autres	BOYS_NEW	F
1	KID_BATHING_CHANGING	Bain et change	CHILDREN_NEW	N
2	KID_CHANGING_BAG	Sacs à langer	KID_BATHING_CHANGING	F
2	KID_BATHING	Bain	KID_BATHING_CHANGING	N
3	BABY_BATHTUB	Baignoires et sièges de bain	KID_BATHING	F
3	BABY_BATH_ACC	Accessoires de bain	KID_BATHING	F
3	BABY_BATH_TOWEL	Serviettes de bain	KID_BATHING	F
2	CHANGING_MATSANDCOVERS	Matelas à langer et housses	KID_BATHING_CHANGING	N
3	CHANGING_MATS	Matelas à langer	CHANGING_MATSANDCOVERS	F
3	CHANGING_MAT_COVER	Housses de matelas à langer	CHANGING_MATSANDCOVERS	F
3	CHANGING_MAT_PORTABLE	Matelas à langer nomades	CHANGING_MATSANDCOVERS	F
2	BABY_POTTIES	Pots et réducteurs	KID_BATHING_CHANGING	F
2	KID_STEPSTOOL	Marchepieds	KID_BATHING_CHANGING	F
1	NURSING_FEEDING	Allaitement et alimentation	CHILDREN_NEW	N
2	BABY_BIBS	Bavoirs	NURSING_FEEDING	F
2	BOTTLE_FEEDING	Alimentation au biberon	NURSING_FEEDING	N
3	BABY_BOTTLE	Biberons	BOTTLE_FEEDING	F
3	BABY_BOTTLE_TEAT	Tétines	BOTTLE_FEEDING	F
3	BOTTLE_DRYING_RACK	Séchoirs à linge	BOTTLE_FEEDING	F
3	BOTTLE_BRUSHES	Goupillons	BOTTLE_FEEDING	F
3	BOTTLE_WARMERS	Chauffe-biberon	BOTTLE_FEEDING	F
3	BABY_FORMULA_MAKER	Préparateurs de biberons	BOTTLE_FEEDING	F
3	BABY_FORMULA_STORAGE	Boîtes doseuses	BOTTLE_FEEDING	F
2	BREASTFEEDING	Allaitement	NURSING_FEEDING	N
3	BREASTPUMPS	Tire-lait	BREASTFEEDING	F
3	BREASTPUMP_ACC	Accessoires pour tire-lait	BREASTFEEDING	F
3	BREASTFEEDING_COVER	Couvertures d'allaitement	BREASTFEEDING	F
3	NIPPLE_SHIELD	Coussinets d'allaitement et protège-mamelon	BREASTFEEDING	F
2	BABY_CUP_DISHES_UTENSILS	Repas de bébé	NURSING_FEEDING	N
3	BABY_CUTLERY	Couverts	BABY_CUP_DISHES_UTENSILS	F
3	BABY_PLATE_BOWL	Assiettes et bols	BABY_CUP_DISHES_UTENSILS	F
3	BABY_DINNER_SETS	Coffrets repas	BABY_CUP_DISHES_UTENSILS	F
3	BABY_SIPPY_CUPS	Tasses d'apprentissage	BABY_CUP_DISHES_UTENSILS	F
3	BABY_WATER_BOTTLES	Gourdes	BABY_CUP_DISHES_UTENSILS	F
2	BABY_FEEDING_PILLOW	Coussins et couvertures d'allaitement	NURSING_FEEDING	F
2	DUMMIES_PACIFIERS	Sucettes	NURSING_FEEDING	F
1	KID_SLEEP_BEDDING	Sommeil et literie	CHILDREN_NEW	N
2	KID_BABY_MONITOR	Babyphones	KID_SLEEP_BEDDING	F
2	KID_BEDDING	Linge de lit, couvertures et plaids	KID_SLEEP_BEDDING	N
3	KID_BLANKETS	Couvertures et plaids	KID_BEDDING	F
3	KID_MATTRESS_COVER	Draps-housses et alèses	KID_BEDDING	F
3	KID_PILLOW	Oreillers	KID_BEDDING	F
3	KID_SHEETS	Draps	KID_BEDDING	F
2	KID_HEATINGPADS	Coussins chauffants et bouillottes	KID_SLEEP_BEDDING	F
2	KIDS_NIGHT_LIGHTS	Veilleuses	KID_SLEEP_BEDDING	F
2	KID_SLEEPINGBAG	Sacs de couchage	KID_SLEEP_BEDDING	F
2	KID_SWADDLE	Couvertures d'emmaillotage	KID_SLEEP_BEDDING	F
2	KID_WHITENOISE_MACHINE	Générateurs de bruits blancs	KID_SLEEP_BEDDING	F
1	KID_SCHOOL_SUPPLIES	Affaires scolaires	CHILDREN_NEW	N
2	KID_SCHOOL_BAGS	Cartables et sacs à dos	KID_SCHOOL_SUPPLIES	F
2	KID_SCHOOL_PENCIL_CASES	Trousses	KID_SCHOOL_SUPPLIES	F
2	KID_SCHOOL_SUPPLIES_GENERAL	Fournitures scolaires	KID_SCHOOL_SUPPLIES	F
2	KID_SCHOOL_CALCULATORS_GEOMETRY	Calculatrices et matériel de géométrie	KID_SCHOOL_SUPPLIES	F
2	KID_SCHOOL_LUNCH	Boîtes à goûter et gourdes	KID_SCHOOL_SUPPLIES	F
1	ALL_OTHER_NEW	Autres articles pour bébé et enfant	CHILDREN_NEW	F
1	BABY_CARRIERS	Portage bébé	CHILDREN_NEW	N
2	BABY_SLINGS	Écharpes et slings	BABY_CARRIERS	F
2	BABY_SOFT_CARRIERS	Porte-bébé souples	BABY_CARRIERS	F
2	BABY_HIP_CARRIERS	Porte-bébé de hanche	BABY_CARRIERS	F
1	BABY_ACCESSORIES	Accessoires bébé	CHILDREN_NEW	N
2	BUGGY_COVERS	Habillages pluie et ombrelles	BABY_ACCESSORIES	F
2	BUGGY_CUPHOLDER	Porte-gobelets et plateaux	BABY_ACCESSORIES	F
2	BUGGY_FOOTMUFF	Chancelières de poussette	BABY_ACCESSORIES	F
2	BUGGY_ORGANISER	Organisateurs et filets	BABY_ACCESSORIES	F
2	BUGGY_PARTS	Pièces détachées de poussette	BABY_ACCESSORIES	F
2	BABY_CAR_MIRROR	Miroirs de voiture	BABY_ACCESSORIES	F
2	BABY_CAR_SUNSHADE	Pare-soleil de voiture	BABY_ACCESSORIES	F
2	CARSEAT_INSERTS	Réducteurs pour siège auto	BABY_ACCESSORIES	F
2	CARSEAT_TRAVELBAG	Housses de siège auto	BABY_ACCESSORIES	F
2	CARSEAT_FOOTMUFF	Chancelières de siège auto	BABY_ACCESSORIES	F
2	CARSEAT_ACC_OTHER	Autres accessoires voiture	BABY_ACCESSORIES	F
2	KID_NESTS	Réducteurs de lit	BABY_ACCESSORIES	F
2	CHILDPROOFING_ACC	Accessoires de sécurité	BABY_ACCESSORIES	F
2	KID_HEARING_PROTECTION	Protections auditives	BABY_ACCESSORIES	F
2	KID_SAFETY_HARNESS	Laisses et harnais	BABY_ACCESSORIES	F
2	KID_HUMIDIFIERS	Humidificateurs	BABY_ACCESSORIES	F
2	NASAL_ASPIRATOR	Mouche-bébés	BABY_ACCESSORIES	F
2	POSTPARTUM_CARE	Soins post-partum	BABY_ACCESSORIES	F
2	PREGNANCY_PILLOW	Coussins de grossesse	BABY_ACCESSORIES	F
2	PREGNANCY_BELT	Ceintures de grossesse	BABY_ACCESSORIES	F
2	KID_SCALES	Pèse-bébés	BABY_ACCESSORIES	F
2	KID_THERMOMETERS	Thermomètres bébé	BABY_ACCESSORIES	F
1	BABY_ROOM_DECOR	Décoration chambre	CHILDREN_NEW	N
2	KID_BABY_ALBUM	Albums photo	BABY_ROOM_DECOR	F
2	KID_GROWTH_CHART	Toises	BABY_ROOM_DECOR	F
2	BABY_MOBILE	Mobiles	BABY_ROOM_DECOR	F
2	BABY_MILESTONE_CARD	Cartes étapes et accessoires photo	BABY_ROOM_DECOR	F
2	KID_MONEY_BOX	Tirelires	BABY_ROOM_DECOR	F
2	KID_PHOTO_FRAME	Cadres photo	BABY_ROOM_DECOR	F
2	KID_WALL_DECOR	Décorations murales	BABY_ROOM_DECOR	F
0	MAISON	Maison		N
1	MAISON_DECORATION	Décoration	MAISON	N
2	MAISON_DECO_ACCESSORIES	Accessoires décoratifs	MAISON_DECORATION	F
2	MAISON_DECO_STORAGE	Rangement et organisation	MAISON_DECORATION	F
2	MAISON_DECO_WALL_ART	Décorations murales	MAISON_DECORATION	F
2	MAISON_DECO_CANDLES	Bougies et parfums d'ambiance	MAISON_DECORATION	F
2	MAISON_DECO_LIGHTING	Éclairage	MAISON_DECORATION	F
2	MAISON_DECO_SCULPTURES	Sculptures et figurines	MAISON_DECORATION	F
2	MAISON_DECO_FRAMES	Encadrements	MAISON_DECORATION	F
2	MAISON_DECO_VASES	Vases	MAISON_DECORATION	F
2	MAISON_DECO_SHELVES	Étagères murales	MAISON_DECORATION	F
2	MAISON_DECO_CLOCKS	Horloges	MAISON_DECORATION	F
2	MAISON_DECO_ARTIFICIAL_PLANTS	Plantes et fleurs artificielles	MAISON_DECORATION	F
2	MAISON_DECO_MIRRORS	Miroirs	MAISON_DECORATION	F
2	MAISON_DECO_FIREPLACE	Accessoires pour cheminées	MAISON_DECORATION	F
1	MAISON_TABLEWARE	Arts de la table	MAISON	N
2	MAISON_TABLE_DRINKWARE	Verres	MAISON_TABLEWARE	F
2	MAISON_TABLE_SERVEWARE	Vaisselle de service	MAISON_TABLEWARE	F
2	MAISON_TABLE_DINNERWARE	Vaisselle	MAISON_TABLEWARE	F
2	MAISON_TABLE_CUTLERY	Couverts	MAISON_TABLEWARE	F
1	MAISON_TEXTILES	Textiles	MAISON	N
2	MAISON_TEXTILE_BEDDING	Linge de lit	MAISON_TEXTILES	F
2	MAISON_TEXTILE_TABLE_LINEN	Linge de table	MAISON_TEXTILES	F
2	MAISON_TEXTILE_CUSHIONS	Coussins décoratifs	MAISON_TEXTILES	F
2	MAISON_TEXTILE_CURTAINS	Rideaux et stores	MAISON_TEXTILES	F
2	MAISON_TEXTILE_TOWELS	Serviettes	MAISON_TEXTILES	F
2	MAISON_TEXTILE_BLANKETS	Couvertures	MAISON_TEXTILES	F
2	MAISON_TEXTILE_RUGS	Tapis	MAISON_TEXTILES	F
2	MAISON_TEXTILE_COVERS	Housses	MAISON_TEXTILES	F
2	MAISON_TEXTILE_TAPESTRIES	Tapisseries	MAISON_TEXTILES	F
1	MAISON_PETS	Animaux	MAISON	N
2	MAISON_PETS_DOGS	Chiens	MAISON_PETS	F
2	MAISON_PETS_CATS	Chats	MAISON_PETS	F
2	MAISON_PETS_REPTILES	Reptiles	MAISON_PETS	F
2	MAISON_PETS_BIRDS	Oiseaux	MAISON_PETS	F
2	MAISON_PETS_RODENTS	Rongeurs & co	MAISON_PETS	F
2	MAISON_PETS_FISH	Poissons	MAISON_PETS	F
1	MAISON_PARTY	Célébrations et fêtes	MAISON	N
2	MAISON_PARTY_SEASONAL	Décorations saisonnières	MAISON_PARTY	F
2	MAISON_PARTY_TABLE_DECO	Décorations de table	MAISON_PARTY	F
2	MAISON_PARTY_ACCESSORIES	Accessoires de fête	MAISON_PARTY	F
2	MAISON_PARTY_TREE_DECO	Décorations pour le sapin	MAISON_PARTY	F
2	MAISON_PARTY_CARDS	Cartes et enveloppes	MAISON_PARTY	F
2	MAISON_PARTY_GIFT_WRAP	Papier cadeau et sacs	MAISON_PARTY	F
2	MAISON_PARTY_BANNERS	Banderoles, drapeaux et guirlandes	MAISON_PARTY	F
2	MAISON_PARTY_WREATHS	Couronnes	MAISON_PARTY	F
1	MAISON_DIY	Outils et bricolage	MAISON	N
2	MAISON_DIY_HARDWARE	Quincaillerie	MAISON_DIY	F
2	MAISON_DIY_SMART_HOME	Maisons connectées et sécurité	MAISON_DIY	F
2	MAISON_DIY_PROTECTION	Équipement de protection	MAISON_DIY	F
2	MAISON_DIY_HAND_TOOLS	Outils à main	MAISON_DIY	F
2	MAISON_DIY_POWER_TOOLS	Outils électriques	MAISON_DIY	F
2	MAISON_DIY_TOOL_ACCESSORIES	Accessoires pour outils	MAISON_DIY	F
2	MAISON_DIY_PAINT_TOOLS	Outils et accessoires de peinture	MAISON_DIY	F
2	MAISON_DIY_TOOL_STORAGE	Transport et rangement des outils	MAISON_DIY	F
2	MAISON_DIY_MEASURING	Outils de mesure	MAISON_DIY	F
2	MAISON_DIY_PLUMBING	Outils de plomberie	MAISON_DIY	F
2	MAISON_DIY_WORKSHOP	Équipement d'atelier et de chantier	MAISON_DIY	F
2	MAISON_DIY_ELECTRICAL	Outils d'électricien	MAISON_DIY	F
2	MAISON_DIY_MASONRY	Outils de maçonnerie	MAISON_DIY	F
1	MAISON_KITCHEN_TOOLS	Outils de cuisine	MAISON	N
2	MAISON_KT_FOOD_STORAGE	Stockage alimentaire	MAISON_KITCHEN_TOOLS	F
2	MAISON_KT_UTENSILS	Ustensiles de cuisine	MAISON_KITCHEN_TOOLS	F
2	MAISON_KT_SPECIALTY_UTENSILS	Ustensiles de cuisine spécialisés	MAISON_KITCHEN_TOOLS	F
2	MAISON_KT_BAR	Accessoires de bar	MAISON_KITCHEN_TOOLS	F
2	MAISON_KT_MIXING_BOWLS	Bols à mélanger	MAISON_KITCHEN_TOOLS	F
2	MAISON_KT_STRAINERS	Passoires, tamis et chinois	MAISON_KITCHEN_TOOLS	F
2	MAISON_KT_CUTTING_BOARDS	Planches à découper	MAISON_KITCHEN_TOOLS	F
2	MAISON_KT_MEASURING	Tasses et cuillères à mesurer	MAISON_KITCHEN_TOOLS	F
2	MAISON_KT_SCALES	Balances de cuisine	MAISON_KITCHEN_TOOLS	F
2	MAISON_KT_THERMOMETERS	Thermomètres alimentaires	MAISON_KITCHEN_TOOLS	F
1	MAISON_SMALL_APPLIANCES	Petits appareils de cuisine	MAISON	N
2	MAISON_SA_COFFEE	Préparation du café, du thé et de l'expresso	MAISON_SMALL_APPLIANCES	F
2	MAISON_SA_BLENDERS	Blenders, mixeurs et robots de cuisine	MAISON_SMALL_APPLIANCES	F
2	MAISON_SA_SPECIALTY	Appareils spécialisés	MAISON_SMALL_APPLIANCES	F
2	MAISON_SA_ACCESSORIES	Accessoires pour petits appareils de cuisine	MAISON_SMALL_APPLIANCES	F
2	MAISON_SA_FRYERS	Friteuses	MAISON_SMALL_APPLIANCES	F
2	MAISON_SA_GRILLS	Grils et planchas	MAISON_SMALL_APPLIANCES	F
2	MAISON_SA_JUICERS	Extracteurs de jus	MAISON_SMALL_APPLIANCES	F
2	MAISON_SA_SPARE_PARTS	Pièces détachées pour petits appareils de cuisine	MAISON_SMALL_APPLIANCES	F
2	MAISON_SA_KETTLES	Bouilloires	MAISON_SMALL_APPLIANCES	F
2	MAISON_SA_TOASTERS	Grille-pain	MAISON_SMALL_APPLIANCES	F
2	MAISON_SA_WATER_DISPENSERS	Distributeurs d'eau et de boissons	MAISON_SMALL_APPLIANCES	F
1	MAISON_OFFICE	Fournitures de bureau	MAISON	N
2	MAISON_OFFICE_WRITING	Fournitures d'écriture	MAISON_OFFICE	F
2	MAISON_OFFICE_PLANNERS	Agendas et organiseurs	MAISON_OFFICE	F
2	MAISON_OFFICE_PENCIL_CASES	Trousses	MAISON_OFFICE	F
2	MAISON_OFFICE_NOTEBOOKS	Carnets et blocs-notes	MAISON_OFFICE	F
2	MAISON_OFFICE_ACCESSORIES	Accessoires de bureau	MAISON_OFFICE	F
2	MAISON_OFFICE_ELECTRONICS	Matériel électronique de bureau	MAISON_OFFICE	F
2	MAISON_OFFICE_CALCULATORS	Calculatrices	MAISON_OFFICE	F
2	MAISON_OFFICE_BOOKMARKS	Marque-pages	MAISON_OFFICE	F
2	MAISON_OFFICE_DOC_ORG	Organiseurs de documents	MAISON_OFFICE	F
2	MAISON_OFFICE_TAPE	Rubans adhésifs, pinces et attaches	MAISON_OFFICE	F
2	MAISON_OFFICE_STAPLERS	Agrafeuses et perforatrices	MAISON_OFFICE	F
2	MAISON_OFFICE_DRAWING	Outils de dessin technique	MAISON_OFFICE	F
2	MAISON_OFFICE_PRESENTATION	Matériel de présentation	MAISON_OFFICE	F
1	MAISON_BAKING	Cuisson et pâtisserie	MAISON	N
2	MAISON_BAKING_ACCESSORIES	Accessoires pour la cuisine et la pâtisserie	MAISON_BAKING	F
2	MAISON_BAKING_MOLDS	Moules de cuisson	MAISON_BAKING	F
2	MAISON_BAKING_SPECIALTY	Matériel de cuisson et de pâtisserie spécialisé	MAISON_BAKING	F
2	MAISON_BAKING_POTS	Casseroles	MAISON_BAKING	F
2	MAISON_BAKING_OVEN_DISHES	Plats pour le four	MAISON_BAKING	F
2	MAISON_BAKING_PANS	Poêles	MAISON_BAKING	F
1	MAISON_OUTDOOR	Extérieur et jardin	MAISON	N
2	MAISON_OUTDOOR_POTS	Pots, jardinières et accessoires	MAISON_OUTDOOR	F
2	MAISON_OUTDOOR_GARDEN_DECO	Décorations de jardin et d'extérieur	MAISON_OUTDOOR	F
2	MAISON_OUTDOOR_POWER_ACCESSORIES	Accessoires pour outils électriques d'extérieur	MAISON_OUTDOOR	F
2	MAISON_OUTDOOR_POOLS	Spas, piscines et équipements	MAISON_OUTDOOR	F
2	MAISON_OUTDOOR_WATERING	Équipement d'arrosage	MAISON_OUTDOOR	F
2	MAISON_OUTDOOR_HAND_TOOLS	Outils manuels de jardin	MAISON_OUTDOOR	F
2	MAISON_OUTDOOR_GRILLING	Cuisine et grillade d'extérieur	MAISON_OUTDOOR	F
2	MAISON_OUTDOOR_POWER_TOOLS	Outils électriques d'extérieur	MAISON_OUTDOOR	F
2	MAISON_OUTDOOR_WEATHER	Instruments météorologiques	MAISON_OUTDOOR	F
2	MAISON_OUTDOOR_SNOW_TOOLS	Outils de déneigement	MAISON_OUTDOOR	F
1	MAISON_MAINTENANCE	Entretien de la maison	MAISON	N
2	MAISON_MAINT_VACUUMS	Aspirateurs et nettoyage	MAISON_MAINTENANCE	F
2	MAISON_MAINT_HEATING	Chauffage, climatisation et ventilation	MAISON_MAINTENANCE	F
2	MAISON_MAINT_IRONS	Fers à repasser et entretien du linge	MAISON_MAINTENANCE	F
0	SPORT	Sport		N
1	SPORT_CYCLING	Cyclisme	SPORT	N
2	SPORT_BIKE_HELMETS	Casques de vélo	SPORT_CYCLING	F
2	SPORT_BIKE_KIDS	Vélos pour enfant	SPORT_CYCLING	F
2	SPORT_BIKE_ACCESSORIES	Accessoires et outils pour vélo	SPORT_CYCLING	F
2	SPORT_BIKE_PARTS	Pièces pour vélo	SPORT_CYCLING	F
2	SPORT_BIKE_KID_SEATS	Sièges enfants pour vélo	SPORT_CYCLING	F
2	SPORT_BIKE_TRAILERS	Remorques pour vélo	SPORT_CYCLING	F
1	SPORT_HORSE	Équitation	SPORT	N
2	SPORT_HORSE_SADDLES	Selles et harnachement	SPORT_HORSE	F
2	SPORT_HORSE_PROTECTION	Protections d'équitation	SPORT_HORSE	F
2	SPORT_HORSE_HELMETS	Bombes d'équitation	SPORT_HORSE	F
2	SPORT_HORSE_GLOVES	Gants d'équitation	SPORT_HORSE	F
2	SPORT_HORSE_HELMET_COVERS	Couvre-casques d'équitation	SPORT_HORSE	F
1	SPORT_OUTDOOR	Sports de plein air	SPORT	N
2	SPORT_OUTDOOR_FISHING_HUNTING	Pêche et chasse	SPORT_OUTDOOR	F
2	SPORT_OUTDOOR_OTHER_ACCESSORIES	Autres accessoires de sports de plein air	SPORT_OUTDOOR	F
2	SPORT_OUTDOOR_HIKING_BAGS	Sacs de randonnée	SPORT_OUTDOOR	F
2	SPORT_OUTDOOR_TENTS	Tentes et matériel de couchage	SPORT_OUTDOOR	F
2	SPORT_OUTDOOR_BINOCULARS	Jumelles et longues-vues	SPORT_OUTDOOR	F
2	SPORT_OUTDOOR_LANTERNS	Torches, lampes frontales et lanternes	SPORT_OUTDOOR	F
2	SPORT_OUTDOOR_CLIMBING	Escalade et escalade de bloc	SPORT_OUTDOOR	F
2	SPORT_OUTDOOR_CAMP_COOKING	Réchauds et ustensiles de cuisine de camping	SPORT_OUTDOOR	F
2	SPORT_OUTDOOR_CAMP_FURNITURE	Meubles de camping	SPORT_OUTDOOR	F
2	SPORT_OUTDOOR_COOLERS	Glacières	SPORT_OUTDOOR	F
2	SPORT_OUTDOOR_HYDRATION	Systèmes et kits d'hydratation	SPORT_OUTDOOR	F
2	SPORT_OUTDOOR_COMPASSES	Boussoles	SPORT_OUTDOOR	F
2	SPORT_OUTDOOR_TREKKING_POLES	Bâtons de randonnée	SPORT_OUTDOOR	F
1	SPORT_FITNESS	Fitness, course à pied et yoga	SPORT	N
2	SPORT_FITNESS_HOME	Accessoires de fitness à domicile	SPORT_FITNESS	F
2	SPORT_FITNESS_BOTTLES	Gourdes	SPORT_FITNESS	F
2	SPORT_FITNESS_RUNNING	Course à pied	SPORT_FITNESS	F
2	SPORT_FITNESS_STRENGTH	Musculation	SPORT_FITNESS	F
2	SPORT_FITNESS_YOGA	Matériel de yoga et de pilates	SPORT_FITNESS	F
1	SPORT_WATER	Sports nautiques	SPORT	N
2	SPORT_WATER_SWIMMING	Natation	SPORT_WATER	F
2	SPORT_WATER_WETSUITS	Combinaisons, gants et chaussons	SPORT_WATER	F
2	SPORT_WATER_ACCESSORIES	Accessoires pour sports nautiques	SPORT_WATER	F
2	SPORT_WATER_PFD	Gilets de flottaison	SPORT_WATER	F
2	SPORT_WATER_INFLATABLES	Bateaux gonflables	SPORT_WATER	F
2	SPORT_WATER_HELMETS	Casques pour sports nautiques	SPORT_WATER	F
2	SPORT_WATER_TOWABLES	Bouées tractées	SPORT_WATER	F
2	SPORT_WATER_SKIMBOARDS	Skimboards	SPORT_WATER	F
1	SPORT_TEAM	Sports d'équipe	SPORT	N
2	SPORT_TEAM_FOOTBALL	Football	SPORT_TEAM	F
2	SPORT_TEAM_HANDBALL	Handball	SPORT_TEAM	F
2	SPORT_TEAM_VOLLEYBALL	Volley-ball	SPORT_TEAM	F
2	SPORT_TEAM_RUGBY	Rugby	SPORT_TEAM	F
2	SPORT_TEAM_AMERICAN_FOOTBALL	Football américain	SPORT_TEAM	F
2	SPORT_TEAM_BASEBALL	Baseball et softball	SPORT_TEAM	F
2	SPORT_TEAM_CRICKET	Cricket	SPORT_TEAM	F
2	SPORT_TEAM_FIELD_HOCKEY	Hockey sur gazon	SPORT_TEAM	F
2	SPORT_TEAM_FLOORBALL	Floorball	SPORT_TEAM	F
2	SPORT_TEAM_GAELIC	Sports gaéliques	SPORT_TEAM	F
2	SPORT_TEAM_LACROSSE	Lacrosse	SPORT_TEAM	F
2	SPORT_TEAM_NETBALL	Netball	SPORT_TEAM	F
2	SPORT_TEAM_OTHER	Autres équipements pour sports d'équipe	SPORT_TEAM	F
2	SPORT_TEAM_TRAINING	Matériel d'entraînement et d'arbitrage	SPORT_TEAM	F
2	SPORT_TEAM_BASKETBALL	Basketball	SPORT_TEAM	F
1	SPORT_WINTER	Sports d'hiver	SPORT	N
2	SPORT_WINTER_SKI_GEAR	Matériel de ski	SPORT_WINTER	F
2	SPORT_WINTER_HELMETS	Casques pour sports d'hiver	SPORT_WINTER	F
2	SPORT_WINTER_GOGGLES	Masques et lunettes de ski	SPORT_WINTER	F
2	SPORT_WINTER_SNOWBOARD_GEAR	Matériel de snowboard	SPORT_WINTER	F
2	SPORT_WINTER_ICE_HOCKEY	Hockey sur glace	SPORT_WINTER	F
2	SPORT_WINTER_FIGURE_SKATING	Accessoires de patinage artistique	SPORT_WINTER	F
2	SPORT_WINTER_SNOWSHOES	Raquettes à neige	SPORT_WINTER	F
2	SPORT_WINTER_GAITERS	Guêtres	SPORT_WINTER	F
1	SPORT_SKATE	Skateboards et trottinettes	SPORT	N
2	SPORT_SKATE_PROTECTION	Protections de skate	SPORT_SKATE	F
2	SPORT_SKATE_SKATEBOARD_PARTS	Pièces et accessoires pour skateboard	SPORT_SKATE	F
2	SPORT_SKATE_SKATING_PARTS	Pièces et accessoires pour skating	SPORT_SKATE	F
2	SPORT_SKATE_HELMETS	Casques de skate	SPORT_SKATE	F
1	SPORT_RACKET	Sports de raquette	SPORT	N
2	SPORT_RACKET_TENNIS	Tennis	SPORT_RACKET	F
2	SPORT_RACKET_PADEL	Padel	SPORT_RACKET	F
2	SPORT_RACKET_TABLE_TENNIS	Tennis de table	SPORT_RACKET	F
2	SPORT_RACKET_BADMINTON	Badminton	SPORT_RACKET	F
2	SPORT_RACKET_SQUASH	Squash	SPORT_RACKET	F
2	SPORT_RACKET_EYE_PROTECTION	Protections pour les yeux	SPORT_RACKET	F
2	SPORT_RACKET_PICKLEBALL	Pickleball	SPORT_RACKET	F
2	SPORT_RACKET_RACQUETBALL	Racquetball	SPORT_RACKET	F
1	SPORT_MARTIAL	Boxe et arts martiaux	SPORT	N
2	SPORT_MARTIAL_GLOVES	Gants de boxe et d'arts martiaux	SPORT_MARTIAL	F
2	SPORT_MARTIAL_OTHER	Autres équipements pour arts martiaux	SPORT_MARTIAL	F
2	SPORT_MARTIAL_BODY_PROTECTION	Protections pour le corps	SPORT_MARTIAL	F
2	SPORT_MARTIAL_BELTS	Ceintures d'arts martiaux	SPORT_MARTIAL	F
2	SPORT_MARTIAL_HEAD_PROTECTION	Protections pour la tête	SPORT_MARTIAL	F
2	SPORT_MARTIAL_HAND_WRAPS	Bandes de boxe	SPORT_MARTIAL	F
2	SPORT_MARTIAL_PUNCHING_BAGS	Sacs de frappe	SPORT_MARTIAL	F
2	SPORT_MARTIAL_PADS	Pattes d'ours, pao et boucliers	SPORT_MARTIAL	F
2	SPORT_MARTIAL_SPEED_BAGS	Poires de vitesse	SPORT_MARTIAL	F
1	SPORT_GOLF	Golf	SPORT	N
2	SPORT_GOLF_BALLS	Balles de golf	SPORT_GOLF	F
2	SPORT_GOLF_ACCESSORIES	Accessoires de golf	SPORT_GOLF	F
2	SPORT_GOLF_CLUBS	Clubs de golf	SPORT_GOLF	F
2	SPORT_GOLF_BAGS	Sacs de golf	SPORT_GOLF	F
2	SPORT_GOLF_TRAINING	Matériel d'entraînement pour le golf	SPORT_GOLF	F
2	SPORT_GOLF_GLOVES	Gants de golf	SPORT_GOLF	F
1	SPORT_LEISURE	Sports et jeux de loisir	SPORT	N
2	SPORT_LEISURE_DARTS	Matériel pour fléchettes	SPORT_LEISURE	F
2	SPORT_LEISURE_BOULES	Pétanque et autres jeux	SPORT_LEISURE	F
2	SPORT_LEISURE_BALLS	Balles et ballons	SPORT_LEISURE	F
2	SPORT_LEISURE_BILLIARDS	Billard et snooker	SPORT_LEISURE	F
2	SPORT_LEISURE_FRISBEE	Frisbee et disc golf	SPORT_LEISURE	F
2	SPORT_LEISURE_BOWLING	Bowling	SPORT_LEISURE	F
2	SPORT_LEISURE_SPIKEBALL	Roundnet et spikeball	SPORT_LEISURE	F
0	FAIT_MAIN	Fait main		N
1	FAIT_MAIN_BIJOUX	Bijoux (fait main)	FAIT_MAIN	F
1	FAIT_MAIN_VETEMENTS	Vêtements & accessoires (fait main)	FAIT_MAIN	F
1	FAIT_MAIN_MAISON_DECO	Maison & déco (fait main)	FAIT_MAIN	F
1	FAIT_MAIN_PAPETERIE	Papeterie & cartes (fait main)	FAIT_MAIN	F
1	FAIT_MAIN_BOIS	Bois & gravure (fait main)	FAIT_MAIN	F
