heure_utc	heure_paris	methode	statut	fonction	version	duree_ms	query_string	client	role_jwt	sujet_jwt	function_id	execution_id	lien
2026-10-05 16:31:33.614	2026-10-05 18:31:33.614	POST	200	ebay-account	16	301		app-android	authenticated	6b2057a9-ee51-4070-8732-9759d30fd521	a10a23d8-54cc-4706-827c-4ab958d65182	a31b9271-b9e4-4b0c-992b-542a027683a1	uuid
2026-10-05 16:47:13.190	2026-10-05 18:47:13.190	POST	200	extension-session	11	316		pc-chrome154	authenticated	6b2057a9-ee51-4070-8732-9759d30fd521	a3be1536-1cdb-4cde-adf8-4858339d0a5b	f7a0a575-5a7c-4f9b-9845-28f0b93c983e	uuid
2026-10-05 16:47:31.232	2026-10-05 18:47:31.232	POST	200	get-pending-jobs	217	687		pc-chrome154	authenticated	6b2057a9-ee51-4070-8732-9759d30fd521	8ef7f544-7ab1-4380-b796-814c977475bd	ec501278-b4bb-4e3c-9d1a-9d407cdae5f2	uuid
2026-10-05 16:48:09.195	2026-10-05 18:48:09.195	POST	200	ebay-account	16	233		pc-chrome154	authenticated	6b2057a9-ee51-4070-8732-9759d30fd521	a10a23d8-54cc-4706-827c-4ab958d65182	6773f554-a4a9-4ae1-8f2f-1b7c6566a1c3	uuid
2026-10-05 16:48:17.578	2026-10-05 18:48:17.578	POST	200	get-pending-jobs	217	575		pc-chrome154	authenticated	6b2057a9-ee51-4070-8732-9759d30fd521	8ef7f544-7ab1-4380-b796-814c977475bd	ef60e102-ac37-4117-8809-6f5049e24656	uuid
2026-10-05 16:48:42.198	2026-10-05 18:48:42.198	POST	200	get-pending-jobs	217	1799		pc-chrome154	authenticated	6b2057a9-ee51-4070-8732-9759d30fd521	8ef7f544-7ab1-4380-b796-814c977475bd	0eaeaf0e-4398-48d0-a5e5-ed2d4176fca2	uuid
2026-10-05 16:48:57.072	2026-10-05 18:48:57.072	POST	200	get-pending-jobs	217	609		pc-chrome154	authenticated	6b2057a9-ee51-4070-8732-9759d30fd521	8ef7f544-7ab1-4380-b796-814c977475bd	60165f0a-6fca-4b12-8efc-d33f73bedee0	uuid
2026-10-05 16:49:40.473	2026-10-05 18:49:40.473	POST	200	ebay-account	16	1088		pc-chrome154	authenticated	6b2057a9-ee51-4070-8732-9759d30fd521	a10a23d8-54cc-4706-827c-4ab958d65182	1e803a19-bf3f-46f9-9ae4-a9f1b0cc7ebe	uuid
2026-10-05 16:50:18.298	2026-10-05 18:50:18.298	POST	200	get-pending-jobs	217	623		pc-chrome154	authenticated	6b2057a9-ee51-4070-8732-9759d30fd521	8ef7f544-7ab1-4380-b796-814c977475bd	5f60731b-f3e9-4985-a643-ba3238411e39	uuid
2026-10-05 16:50:27.724	2026-10-05 18:50:27.724	POST	200	avis-demande	4	245		pc-chrome154	authenticated	6b2057a9-ee51-4070-8732-9759d30fd521	c485c9e3-a02a-4849-98cd-468c045641f5	56b015ad-4b92-4fae-ad64-e67627a1310a	uuid
2026-10-05 16:51:37.835	2026-10-05 18:51:37.835	POST	200	ebay-account	16	238		app-android	authenticated	6b2057a9-ee51-4070-8732-9759d30fd521	a10a23d8-54cc-4706-827c-4ab958d65182	7698efc9-70c7-49b2-80e4-0d61d75d3167	uuid
2026-10-05 16:51:45.112	2026-10-05 18:51:45.112	POST	200	get-pending-jobs	217	725		app-android	authenticated	6b2057a9-ee51-4070-8732-9759d30fd521	8ef7f544-7ab1-4380-b796-814c977475bd	ced9ff22-34bb-4dae-be6a-e4ca4a4babac	uuid
2026-10-05 16:52:02.765	2026-10-05 18:52:02.765	POST	200	ebay-account	16	806		app-android	authenticated	6b2057a9-ee51-4070-8732-9759d30fd521	a10a23d8-54cc-4706-827c-4ab958d65182	e69ba28d-98de-48a4-a87a-6776fd1c53dc	uuid
2026-10-05 16:52:32.691	2026-10-05 18:52:32.691	POST	200	generate-listing	112	4173		app-android	authenticated	6b2057a9-ee51-4070-8732-9759d30fd521	21ddf54b-7b2f-4ee4-be26-45f55f0dfc2a	44d20f59-a6ef-4244-a91d-3533016d83d1	uuid
2026-10-05 16:52:34.244	2026-10-05 18:52:34.244	POST	200	resolve-categorie	13	1110		app-android	authenticated	6b2057a9-ee51-4070-8732-9759d30fd521	040f6ecf-9994-451d-8638-4d96c865b06d	d8dcd9d4-1c2f-456d-99dc-7893eca15f63	uuid
2026-10-05 16:53:44.983	2026-10-05 18:53:44.983	POST	200	get-pending-jobs	217	576		app-android	authenticated	6b2057a9-ee51-4070-8732-9759d30fd521	8ef7f544-7ab1-4380-b796-814c977475bd	122405fa-4f46-483c-a2f3-173270d316cc	uuid
2026-10-05 16:54:03.645	2026-10-05 18:54:03.645	POST	200	handler-watch	83	2882		pg_net-cron			1c92c868-9d33-438f-ba5e-b2e95f58f279	aa9dd353-638f-4a4e-9818-dc0e7f984df2	execution_id
2026-10-05 16:55:03.211	2026-10-05 18:55:03.211	POST	200	ebay-account	16	310		app-android	authenticated	6b2057a9-ee51-4070-8732-9759d30fd521	a10a23d8-54cc-4706-827c-4ab958d65182	e8d1a9ec-6918-4c00-a8ca-81f1cf667a22	uuid
2026-10-05 16:55:07.972	2026-10-05 18:55:07.972	POST	200	ebay-account	16	315		app-android	authenticated	6b2057a9-ee51-4070-8732-9759d30fd521	a10a23d8-54cc-4706-827c-4ab958d65182	655ac973-e27a-4ebe-9a9d-dc3194ef4c68	uuid
2026-10-05 16:55:14.755	2026-10-05 18:55:14.755	POST	200	get-pending-jobs	217	749		app-android	authenticated	6b2057a9-ee51-4070-8732-9759d30fd521	8ef7f544-7ab1-4380-b796-814c977475bd	2f40cf61-6738-4f4c-bfde-7d35d6950189	uuid
2026-10-05 16:56:29.825	2026-10-05 18:56:29.825	POST	200	get-pending-jobs	217	571		pc-chrome154	authenticated	6b2057a9-ee51-4070-8732-9759d30fd521	8ef7f544-7ab1-4380-b796-814c977475bd	467785de-796d-415d-93d3-46990aae649d	uuid
2026-10-05 16:56:31.686	2026-10-05 18:56:31.686	POST	200	avis-demande	4	334		pc-chrome154	authenticated	6b2057a9-ee51-4070-8732-9759d30fd521	c485c9e3-a02a-4849-98cd-468c045641f5	255c1532-381d-4f21-81c6-ae605a61df8c	uuid
2026-10-05 16:57:14.759	2026-10-05 18:57:14.759	POST	200	get-pending-jobs	217	578		app-android	authenticated	6b2057a9-ee51-4070-8732-9759d30fd521	8ef7f544-7ab1-4380-b796-814c977475bd	dc27584f-e6bf-44bb-8a63-5d5404a0a873	uuid
2026-10-05 16:59:04.023	2026-10-05 18:59:04.023	POST	200	get-pending-jobs	217	818		pc-chrome154	authenticated	6b2057a9-ee51-4070-8732-9759d30fd521	8ef7f544-7ab1-4380-b796-814c977475bd	b9484a39-3ad0-4034-87c3-811abb2fd712	uuid
2026-10-05 16:59:36.816	2026-10-05 18:59:36.816	POST	200	get-pending-jobs	217	1519		pc-chrome154	authenticated	6b2057a9-ee51-4070-8732-9759d30fd521	8ef7f544-7ab1-4380-b796-814c977475bd	88eb07d9-7944-4b3e-bc29-cb16f0501174	uuid
2026-10-05 17:00:14.072	2026-10-05 19:00:14.072	POST	200	get-pending-jobs	217	1683		pc-chrome154	authenticated	6b2057a9-ee51-4070-8732-9759d30fd521	8ef7f544-7ab1-4380-b796-814c977475bd	2b36b45f-fbbc-4a59-b326-752b6a2ecd67	uuid
2026-10-05 17:00:35.015	2026-10-05 19:00:35.015	POST	200	get-pending-jobs	217	599		pc-chrome154	authenticated	6b2057a9-ee51-4070-8732-9759d30fd521	8ef7f544-7ab1-4380-b796-814c977475bd	48a74bf5-7597-4a5b-96ae-6a05aeeb8402	uuid
2026-10-05 17:01:12.060	2026-10-05 19:01:12.060	POST	200	get-pending-jobs	217	1246		pc-chrome154	authenticated	6b2057a9-ee51-4070-8732-9759d30fd521	8ef7f544-7ab1-4380-b796-814c977475bd	e3528037-8de1-4fd0-becd-829b7ac11395	uuid
2026-10-05 17:02:52.739	2026-10-05 19:02:52.739	POST	200	avis-demande	4	359		pc-chrome154	authenticated	6b2057a9-ee51-4070-8732-9759d30fd521	c485c9e3-a02a-4849-98cd-468c045641f5	378948a4-60b6-43a0-9955-5fde577b23ee	uuid
2026-10-05 17:02:57.332	2026-10-05 19:02:57.332	POST	200	get-pending-jobs	217	652		pc-chrome154	authenticated	6b2057a9-ee51-4070-8732-9759d30fd521	8ef7f544-7ab1-4380-b796-814c977475bd	c528bff5-a007-488f-be29-53393d5da5d6	uuid
2026-10-05 17:03:48.722	2026-10-05 19:03:48.722	POST	200	ebay-account	16	336		pc-chrome154	authenticated	6b2057a9-ee51-4070-8732-9759d30fd521	a10a23d8-54cc-4706-827c-4ab958d65182	f28629eb-f8a3-4195-ba66-102325829fbf	uuid
2026-10-05 17:06:40.141	2026-10-05 19:06:40.141	POST	200	get-pending-jobs	217	1196		pc-chrome154	authenticated	6b2057a9-ee51-4070-8732-9759d30fd521	8ef7f544-7ab1-4380-b796-814c977475bd	3f1cd014-6caf-42a8-b8f4-d22bd7bf0107	uuid
2026-10-05 17:06:42.149	2026-10-05 19:06:42.149	POST	200	get-pending-jobs	217	1971		pc-chrome154	authenticated	6b2057a9-ee51-4070-8732-9759d30fd521	8ef7f544-7ab1-4380-b796-814c977475bd	612350c3-d71e-4d9e-87ac-e9839061c5fa	uuid
2026-10-05 17:09:03.304	2026-10-05 19:09:03.304	POST	200	handler-watch	83	2743		pg_net-cron			1c92c868-9d33-438f-ba5e-b2e95f58f279	c5370c53-998f-47cb-85b8-319644c9fa32	execution_id
2026-10-05 17:10:32.365	2026-10-05 19:10:32.365	POST	200	get-pending-jobs	217	1322		pc-chrome154	authenticated	6b2057a9-ee51-4070-8732-9759d30fd521	8ef7f544-7ab1-4380-b796-814c977475bd	a8887d88-5f72-40d2-bd92-b3103b8c9097	uuid
2026-10-05 17:10:36.352	2026-10-05 19:10:36.352	POST	200	avis-demande	4	343		pc-chrome154	authenticated	6b2057a9-ee51-4070-8732-9759d30fd521	c485c9e3-a02a-4849-98cd-468c045641f5	ee7a6db0-64ca-47bc-bb58-53246d539d2c	uuid
2026-10-05 17:10:36.381	2026-10-05 19:10:36.381	POST	200	get-pending-jobs	217	1792		pc-chrome154	authenticated	6b2057a9-ee51-4070-8732-9759d30fd521	8ef7f544-7ab1-4380-b796-814c977475bd	cde4146b-a22a-4feb-a26b-7a5a209e2115	uuid
2026-10-05 17:11:41.665	2026-10-05 19:11:41.665	POST	200	ebay-account	16	251		pc-chrome154	authenticated	6b2057a9-ee51-4070-8732-9759d30fd521	a10a23d8-54cc-4706-827c-4ab958d65182	6fcc18a4-4c10-4b4a-a715-86bea9fba38c	uuid
2026-10-05 17:12:40.203	2026-10-05 19:12:40.203	POST	200	get-pending-jobs	217	1246		pc-chrome154	authenticated	6b2057a9-ee51-4070-8732-9759d30fd521	8ef7f544-7ab1-4380-b796-814c977475bd	2275bbc9-eddd-45c4-9f8a-c6d4bf166e2e	uuid
2026-10-05 17:12:41.864	2026-10-05 19:12:41.864	POST	200	get-pending-jobs	217	1708		pc-chrome154	authenticated	6b2057a9-ee51-4070-8732-9759d30fd521	8ef7f544-7ab1-4380-b796-814c977475bd	f5731cd9-fd7d-4d23-a3e8-bc2445b6118d	uuid
2026-10-05 17:13:05.064	2026-10-05 19:13:05.064	POST	200	get-pending-jobs	217	1160		pc-chrome154	authenticated	6b2057a9-ee51-4070-8732-9759d30fd521	8ef7f544-7ab1-4380-b796-814c977475bd	5e86c6f6-1929-401e-90cc-6599cdeb97b9	uuid
2026-10-05 17:14:41.757	2026-10-05 19:14:41.757	POST	401	get-pending-jobs	217	297		pc-chrome154	authenticated	6b2057a9-ee51-4070-8732-9759d30fd521	8ef7f544-7ab1-4380-b796-814c977475bd	af23a5d9-8f5e-49e2-98a2-1a68c321f76f	uuid
2026-10-05 17:15:42.850	2026-10-05 19:15:42.850	POST	401	extension-session	11	281		pc-chrome154	authenticated	6b2057a9-ee51-4070-8732-9759d30fd521	a3be1536-1cdb-4cde-adf8-4858339d0a5b	fed27d15-8384-4fa1-a302-99fe73419109	uuid
2026-10-05 17:15:42.859	2026-10-05 19:15:42.859	POST	401	extension-session	11	289		pc-chrome154	authenticated	6b2057a9-ee51-4070-8732-9759d30fd521	a3be1536-1cdb-4cde-adf8-4858339d0a5b	0505f08d-43db-42fa-9e64-19c85d558073	uuid
