heure_utc	heure_paris	methode	statut	operation	url	chemin_objet	role	client	temps_reponse_ms	taille_reponse	taille_requete	niveau	message
2026-10-05 16:42:03.896	2026-10-05 18:42:03.896	POST	200	storage.object.upload	/object/listing-photos/6b2057a9-ee51-4070-8732-9759d30fd521/rapatrie-fiche/1791218520315/1791218520950_0.jpg		service_role	serveur-fonction-edge	251	154	31188	info	
2026-10-05 16:42:03.940	2026-10-05 18:42:03.940					tojihnuawsoohlolangc/listing-photos/6b2057a9-ee51-4070-8732-9759d30fd521/rapatrie-fiche/1791218520315/1791218520950_0.jpg						info	[Lifecycle]: ObjectCreated:Post tojihnuawsoohlolangc/listing-photos/6b2057a9-ee51-4070-8732-9759d30fd521/rapatrie-fiche/1791218520315/1791218520950_0.jpg
2026-10-05 16:42:04.230	2026-10-05 18:42:04.230	POST	200	storage.object.upload	/object/listing-photos/6b2057a9-ee51-4070-8732-9759d30fd521/rapatrie-fiche/1791218520315/1791218520950_1.jpg		service_role	serveur-fonction-edge	69	154	38091	info	
2026-10-05 16:42:04.381	2026-10-05 18:42:04.381					tojihnuawsoohlolangc/listing-photos/6b2057a9-ee51-4070-8732-9759d30fd521/rapatrie-fiche/1791218520315/1791218520950_1.jpg						info	[Lifecycle]: ObjectCreated:Post tojihnuawsoohlolangc/listing-photos/6b2057a9-ee51-4070-8732-9759d30fd521/rapatrie-fiche/1791218520315/1791218520950_1.jpg
2026-10-05 16:42:04.531	2026-10-05 18:42:04.531	POST	200	storage.object.upload	/object/listing-photos/6b2057a9-ee51-4070-8732-9759d30fd521/rapatrie-fiche/1791218520315/1791218520950_2.jpg		service_role	serveur-fonction-edge	64	154	33884	info	
2026-10-05 16:42:04.722	2026-10-05 18:42:04.722					tojihnuawsoohlolangc/listing-photos/6b2057a9-ee51-4070-8732-9759d30fd521/rapatrie-fiche/1791218520315/1791218520950_2.jpg						info	[Lifecycle]: ObjectCreated:Post tojihnuawsoohlolangc/listing-photos/6b2057a9-ee51-4070-8732-9759d30fd521/rapatrie-fiche/1791218520315/1791218520950_2.jpg
2026-10-05 16:42:04.881	2026-10-05 18:42:04.881	POST	200	storage.object.upload	/object/listing-photos/6b2057a9-ee51-4070-8732-9759d30fd521/rapatrie-fiche/1791218520315/1791218520950_3.jpg		service_role	serveur-fonction-edge	78	154	31584	info	
2026-10-05 16:42:04.972	2026-10-05 18:42:04.972					tojihnuawsoohlolangc/listing-photos/6b2057a9-ee51-4070-8732-9759d30fd521/rapatrie-fiche/1791218520315/1791218520950_3.jpg						info	[Lifecycle]: ObjectCreated:Post tojihnuawsoohlolangc/listing-photos/6b2057a9-ee51-4070-8732-9759d30fd521/rapatrie-fiche/1791218520315/1791218520950_3.jpg
2026-10-05 16:42:05.235	2026-10-05 18:42:05.235	POST	200	storage.object.upload	/object/listing-photos/6b2057a9-ee51-4070-8732-9759d30fd521/rapatrie-fiche/1791218520395/1791218520950_0.jpg		service_role	serveur-fonction-edge	75	154	26219	info	
2026-10-05 16:42:05.353	2026-10-05 18:42:05.353					tojihnuawsoohlolangc/listing-photos/6b2057a9-ee51-4070-8732-9759d30fd521/rapatrie-fiche/1791218520395/1791218520950_0.jpg						info	[Lifecycle]: ObjectCreated:Post tojihnuawsoohlolangc/listing-photos/6b2057a9-ee51-4070-8732-9759d30fd521/rapatrie-fiche/1791218520395/1791218520950_0.jpg
2026-10-05 16:42:05.894	2026-10-05 18:42:05.894	POST	200	storage.object.upload	/object/listing-photos/6b2057a9-ee51-4070-8732-9759d30fd521/rapatrie-fiche/1791218520395/1791218520950_1.jpg		service_role	serveur-fonction-edge	393	154	33538	info	
2026-10-05 16:42:05.939	2026-10-05 18:42:05.939					tojihnuawsoohlolangc/listing-photos/6b2057a9-ee51-4070-8732-9759d30fd521/rapatrie-fiche/1791218520395/1791218520950_1.jpg						info	[Lifecycle]: ObjectCreated:Post tojihnuawsoohlolangc/listing-photos/6b2057a9-ee51-4070-8732-9759d30fd521/rapatrie-fiche/1791218520395/1791218520950_1.jpg
2026-10-05 16:42:06.223	2026-10-05 18:42:06.223	POST	200	storage.object.upload	/object/listing-photos/6b2057a9-ee51-4070-8732-9759d30fd521/rapatrie-fiche/1791218520395/1791218520950_2.jpg		service_role	serveur-fonction-edge	62	154	33449	info	
2026-10-05 16:42:06.381	2026-10-05 18:42:06.381					tojihnuawsoohlolangc/listing-photos/6b2057a9-ee51-4070-8732-9759d30fd521/rapatrie-fiche/1791218520395/1791218520950_2.jpg						info	[Lifecycle]: ObjectCreated:Post tojihnuawsoohlolangc/listing-photos/6b2057a9-ee51-4070-8732-9759d30fd521/rapatrie-fiche/1791218520395/1791218520950_2.jpg
2026-10-05 16:42:06.534	2026-10-05 18:42:06.534	POST	200	storage.object.upload	/object/listing-photos/6b2057a9-ee51-4070-8732-9759d30fd521/rapatrie-fiche/1791218520395/1791218520950_3.jpg		service_role	serveur-fonction-edge	66	154	24383	info	
2026-10-05 16:42:06.922	2026-10-05 18:42:06.922					tojihnuawsoohlolangc/listing-photos/6b2057a9-ee51-4070-8732-9759d30fd521/rapatrie-fiche/1791218520395/1791218520950_3.jpg						info	[Lifecycle]: ObjectCreated:Post tojihnuawsoohlolangc/listing-photos/6b2057a9-ee51-4070-8732-9759d30fd521/rapatrie-fiche/1791218520395/1791218520950_3.jpg
2026-10-05 16:42:06.949	2026-10-05 18:42:06.949	POST	200	storage.object.upload	/object/listing-photos/6b2057a9-ee51-4070-8732-9759d30fd521/rapatrie-fiche/1791218520423/1791218520950_0.jpg		service_role	serveur-fonction-edge	71	154	28383	info	
2026-10-05 16:42:07.002	2026-10-05 18:42:07.002					tojihnuawsoohlolangc/listing-photos/6b2057a9-ee51-4070-8732-9759d30fd521/rapatrie-fiche/1791218520423/1791218520950_0.jpg						info	[Lifecycle]: ObjectCreated:Post tojihnuawsoohlolangc/listing-photos/6b2057a9-ee51-4070-8732-9759d30fd521/rapatrie-fiche/1791218520423/1791218520950_0.jpg
2026-10-05 16:42:07.308	2026-10-05 18:42:07.308	POST	200	storage.object.upload	/object/listing-photos/6b2057a9-ee51-4070-8732-9759d30fd521/rapatrie-fiche/1791218520423/1791218520950_1.jpg		service_role	serveur-fonction-edge	78	154	43262	info	
2026-10-05 16:42:07.353	2026-10-05 18:42:07.353					tojihnuawsoohlolangc/listing-photos/6b2057a9-ee51-4070-8732-9759d30fd521/rapatrie-fiche/1791218520423/1791218520950_1.jpg						info	[Lifecycle]: ObjectCreated:Post tojihnuawsoohlolangc/listing-photos/6b2057a9-ee51-4070-8732-9759d30fd521/rapatrie-fiche/1791218520423/1791218520950_1.jpg
2026-10-05 16:42:07.685	2026-10-05 18:42:07.685	POST	200	storage.object.upload	/object/listing-photos/6b2057a9-ee51-4070-8732-9759d30fd521/rapatrie-fiche/1791218520423/1791218520950_2.jpg		service_role	serveur-fonction-edge	93	154	42498	info	
2026-10-05 16:42:07.920	2026-10-05 18:42:07.920					tojihnuawsoohlolangc/listing-photos/6b2057a9-ee51-4070-8732-9759d30fd521/rapatrie-fiche/1791218520423/1791218520950_2.jpg						info	[Lifecycle]: ObjectCreated:Post tojihnuawsoohlolangc/listing-photos/6b2057a9-ee51-4070-8732-9759d30fd521/rapatrie-fiche/1791218520423/1791218520950_2.jpg
2026-10-05 16:42:08.039	2026-10-05 18:42:08.039	POST	200	storage.object.upload	/object/listing-photos/6b2057a9-ee51-4070-8732-9759d30fd521/rapatrie-fiche/1791218520423/1791218520950_3.jpg		service_role	serveur-fonction-edge	74	154	41394	info	
2026-10-05 16:42:08.159	2026-10-05 18:42:08.159					tojihnuawsoohlolangc/listing-photos/6b2057a9-ee51-4070-8732-9759d30fd521/rapatrie-fiche/1791218520423/1791218520950_3.jpg						info	[Lifecycle]: ObjectCreated:Post tojihnuawsoohlolangc/listing-photos/6b2057a9-ee51-4070-8732-9759d30fd521/rapatrie-fiche/1791218520423/1791218520950_3.jpg
2026-10-05 16:42:08.361	2026-10-05 18:42:08.361	POST	200	storage.object.upload	/object/listing-photos/6b2057a9-ee51-4070-8732-9759d30fd521/rapatrie-fiche/1791218520423/1791218520950_4.jpg		service_role	serveur-fonction-edge	76	154	31308	info	
2026-10-05 16:42:08.403	2026-10-05 18:42:08.403					tojihnuawsoohlolangc/listing-photos/6b2057a9-ee51-4070-8732-9759d30fd521/rapatrie-fiche/1791218520423/1791218520950_4.jpg						info	[Lifecycle]: ObjectCreated:Post tojihnuawsoohlolangc/listing-photos/6b2057a9-ee51-4070-8732-9759d30fd521/rapatrie-fiche/1791218520423/1791218520950_4.jpg
2026-10-05 16:42:08.837	2026-10-05 18:42:08.837					tojihnuawsoohlolangc/listing-photos/6b2057a9-ee51-4070-8732-9759d30fd521/rapatrie-fiche/1791218520472/1791218520950_0.jpg						info	[Lifecycle]: ObjectCreated:Post tojihnuawsoohlolangc/listing-photos/6b2057a9-ee51-4070-8732-9759d30fd521/rapatrie-fiche/1791218520472/1791218520950_0.jpg
2026-10-05 16:42:09.063	2026-10-05 18:42:09.063	POST	200	storage.object.upload	/object/listing-photos/6b2057a9-ee51-4070-8732-9759d30fd521/rapatrie-fiche/1791218520472/1791218520950_1.jpg		service_role	serveur-fonction-edge	66	154	20485	info	
2026-10-05 16:42:09.149	2026-10-05 18:42:09.149					tojihnuawsoohlolangc/listing-photos/6b2057a9-ee51-4070-8732-9759d30fd521/rapatrie-fiche/1791218520472/1791218520950_1.jpg						info	[Lifecycle]: ObjectCreated:Post tojihnuawsoohlolangc/listing-photos/6b2057a9-ee51-4070-8732-9759d30fd521/rapatrie-fiche/1791218520472/1791218520950_1.jpg
2026-10-05 16:42:09.363	2026-10-05 18:42:09.363	POST	200	storage.object.upload	/object/listing-photos/6b2057a9-ee51-4070-8732-9759d30fd521/rapatrie-fiche/1791218520472/1791218520950_2.jpg		service_role	serveur-fonction-edge	67	154	25190	info	
2026-10-05 16:42:09.466	2026-10-05 18:42:09.466					tojihnuawsoohlolangc/listing-photos/6b2057a9-ee51-4070-8732-9759d30fd521/rapatrie-fiche/1791218520472/1791218520950_2.jpg						info	[Lifecycle]: ObjectCreated:Post tojihnuawsoohlolangc/listing-photos/6b2057a9-ee51-4070-8732-9759d30fd521/rapatrie-fiche/1791218520472/1791218520950_2.jpg
2026-10-05 16:42:09.707	2026-10-05 18:42:09.707	POST	200	storage.object.upload	/object/listing-photos/6b2057a9-ee51-4070-8732-9759d30fd521/rapatrie-fiche/1791218520472/1791218520950_3.jpg		service_role	serveur-fonction-edge	105	154	24025	info	
2026-10-05 16:42:09.918	2026-10-05 18:42:09.918					tojihnuawsoohlolangc/listing-photos/6b2057a9-ee51-4070-8732-9759d30fd521/rapatrie-fiche/1791218520472/1791218520950_3.jpg						info	[Lifecycle]: ObjectCreated:Post tojihnuawsoohlolangc/listing-photos/6b2057a9-ee51-4070-8732-9759d30fd521/rapatrie-fiche/1791218520472/1791218520950_3.jpg
2026-10-05 16:42:10.090	2026-10-05 18:42:10.090	POST	200	storage.object.upload	/object/listing-photos/6b2057a9-ee51-4070-8732-9759d30fd521/rapatrie-fiche/1791218520472/1791218520950_4.jpg		service_role	serveur-fonction-edge	136	154	18797	info	
2026-10-05 16:42:10.165	2026-10-05 18:42:10.165					tojihnuawsoohlolangc/listing-photos/6b2057a9-ee51-4070-8732-9759d30fd521/rapatrie-fiche/1791218520472/1791218520950_4.jpg						info	[Lifecycle]: ObjectCreated:Post tojihnuawsoohlolangc/listing-photos/6b2057a9-ee51-4070-8732-9759d30fd521/rapatrie-fiche/1791218520472/1791218520950_4.jpg
2026-10-05 16:42:10.472	2026-10-05 18:42:10.472	POST	200	storage.object.upload	/object/listing-photos/6b2057a9-ee51-4070-8732-9759d30fd521/rapatrie-fiche/1791218520498/1791218520950_0.jpg		service_role	serveur-fonction-edge	73	154	22956	info	
2026-10-05 16:42:10.667	2026-10-05 18:42:10.667					tojihnuawsoohlolangc/listing-photos/6b2057a9-ee51-4070-8732-9759d30fd521/rapatrie-fiche/1791218520498/1791218520950_0.jpg						info	[Lifecycle]: ObjectCreated:Post tojihnuawsoohlolangc/listing-photos/6b2057a9-ee51-4070-8732-9759d30fd521/rapatrie-fiche/1791218520498/1791218520950_0.jpg
2026-10-05 16:42:10.667	2026-10-05 18:42:10.667					tojihnuawsoohlolangc/listing-photos/6b2057a9-ee51-4070-8732-9759d30fd521/rapatrie-fiche/1791218520498/1791218520950_0.jpg						info	[Lifecycle]: ObjectCreated:Post tojihnuawsoohlolangc/listing-photos/6b2057a9-ee51-4070-8732-9759d30fd521/rapatrie-fiche/1791218520498/1791218520950_0.jpg
2026-10-05 16:42:11.067	2026-10-05 18:42:11.067	POST	200	storage.object.upload	/object/listing-photos/6b2057a9-ee51-4070-8732-9759d30fd521/rapatrie-fiche/1791218520498/1791218520950_1.jpg		service_role	serveur-fonction-edge	351	154	29468	info	
2026-10-05 16:42:11.148	2026-10-05 18:42:11.148					tojihnuawsoohlolangc/listing-photos/6b2057a9-ee51-4070-8732-9759d30fd521/rapatrie-fiche/1791218520498/1791218520950_1.jpg						info	[Lifecycle]: ObjectCreated:Post tojihnuawsoohlolangc/listing-photos/6b2057a9-ee51-4070-8732-9759d30fd521/rapatrie-fiche/1791218520498/1791218520950_1.jpg
2026-10-05 16:42:11.404	2026-10-05 18:42:11.404	POST	200	storage.object.upload	/object/listing-photos/6b2057a9-ee51-4070-8732-9759d30fd521/rapatrie-fiche/1791218520498/1791218520950_2.jpg		service_role	serveur-fonction-edge	75	154	29960	info	
2026-10-05 16:42:11.505	2026-10-05 18:42:11.505					tojihnuawsoohlolangc/listing-photos/6b2057a9-ee51-4070-8732-9759d30fd521/rapatrie-fiche/1791218520498/1791218520950_2.jpg						info	[Lifecycle]: ObjectCreated:Post tojihnuawsoohlolangc/listing-photos/6b2057a9-ee51-4070-8732-9759d30fd521/rapatrie-fiche/1791218520498/1791218520950_2.jpg
2026-10-05 16:42:12.268	2026-10-05 18:42:12.268	POST	200	storage.object.upload	/object/listing-photos/6b2057a9-ee51-4070-8732-9759d30fd521/rapatrie-fiche/1791218520498/1791218520950_3.jpg		service_role	serveur-fonction-edge	557	154	28669	info	
2026-10-05 16:42:12.383	2026-10-05 18:42:12.383					tojihnuawsoohlolangc/listing-photos/6b2057a9-ee51-4070-8732-9759d30fd521/rapatrie-fiche/1791218520498/1791218520950_3.jpg						info	[Lifecycle]: ObjectCreated:Post tojihnuawsoohlolangc/listing-photos/6b2057a9-ee51-4070-8732-9759d30fd521/rapatrie-fiche/1791218520498/1791218520950_3.jpg
2026-10-05 16:43:00.583	2026-10-05 18:43:00.583	GET	200	storage.object.info_public	/object/info/public/listing-photos/6b2057a9-ee51-4070-8732-9759d30fd521/rapatrie-fiche/1791218520498/1791218520950_0.jpg?width=400&height=400&resize=contain&quality=80				18	498		info	
2026-10-05 16:43:00.730	2026-10-05 18:43:00.730	GET	200	storage.render.image_public	/render/image/public/listing-photos/6b2057a9-ee51-4070-8732-9759d30fd521/rapatrie-fiche/1791218520498/1791218520950_0.jpg?width=400&height=400&resize=contain&quality=80			serveur-fonction-edge	65	16633		info	
2026-10-05 16:43:00.815	2026-10-05 18:43:00.815	GET	200	storage.object.info_public	/object/info/public/listing-photos/6b2057a9-ee51-4070-8732-9759d30fd521/rapatrie-fiche/1791218520315/1791218520950_0.jpg?width=400&height=400&resize=contain&quality=80				15	498		info	
2026-10-05 16:43:00.993	2026-10-05 18:43:00.993	GET	200	storage.render.image_public	/render/image/public/listing-photos/6b2057a9-ee51-4070-8732-9759d30fd521/rapatrie-fiche/1791218520315/1791218520950_0.jpg?width=400&height=400&resize=contain&quality=80			serveur-fonction-edge	52	22258		info	
2026-10-05 16:43:01.681	2026-10-05 18:43:01.681	GET	200	storage.render.image_public	/render/image/public/listing-photos/6b2057a9-ee51-4070-8732-9759d30fd521/rapatrie-fiche/1791218520395/1791218520950_0.jpg?width=400&height=400&resize=contain&quality=80			serveur-fonction-edge	56	19031		info	
2026-10-05 16:43:01.849	2026-10-05 18:43:01.849	GET	200	storage.object.info_public	/object/info/public/listing-photos/6b2057a9-ee51-4070-8732-9759d30fd521/rapatrie-fiche/1791218520423/1791218520950_0.jpg?width=400&height=400&resize=contain&quality=80				15	498		info	
2026-10-05 16:43:02.985	2026-10-05 18:43:02.985	GET	200	storage.render.image_public	/render/image/public/listing-photos/6b2057a9-ee51-4070-8732-9759d30fd521/rapatrie-fiche/1791218520423/1791218520950_0.jpg?width=400&height=400&resize=contain&quality=80			serveur-fonction-edge	75	20351		info	
2026-10-05 16:43:03.160	2026-10-05 18:43:03.160	GET	200	storage.object.info_public	/object/info/public/listing-photos/6b2057a9-ee51-4070-8732-9759d30fd521/rapatrie-fiche/1791218520472/1791218520950_0.jpg?width=400&height=400&resize=contain&quality=80				20	498		info	
2026-10-05 16:43:03.278	2026-10-05 18:43:03.278	GET	200	storage.render.image_public	/render/image/public/listing-photos/6b2057a9-ee51-4070-8732-9759d30fd521/rapatrie-fiche/1791218520472/1791218520950_0.jpg?width=400&height=400&resize=contain&quality=80			serveur-fonction-edge	54	13566		info	
2026-10-05 16:47:30.450	2026-10-05 18:47:30.450	GET	200	storage.object.info_public	/object/info/public/listing-photos/6b2057a9-ee51-4070-8732-9759d30fd521/rapatrie-fiche/1791218520315/1791218520950_0.jpg				17	498		info	
2026-10-05 16:47:30.492	2026-10-05 18:47:30.492	GET	200	storage.object.info_public	/object/info/public/listing-photos/6b2057a9-ee51-4070-8732-9759d30fd521/rapatrie-fiche/1791218520498/1791218520950_0.jpg				9	498		info	
2026-10-05 16:47:30.500	2026-10-05 18:47:30.500	GET	200	storage.object.info_public	/object/info/public/listing-photos/6b2057a9-ee51-4070-8732-9759d30fd521/rapatrie-fiche/1791218520472/1791218520950_0.jpg				16	498		info	
2026-10-05 16:47:30.519	2026-10-05 18:47:30.519	GET	200	storage.object.info_public	/object/info/public/listing-photos/6b2057a9-ee51-4070-8732-9759d30fd521/rapatrie-fiche/1791218520395/1791218520950_0.jpg				21	498		info	
2026-10-05 16:47:30.550	2026-10-05 18:47:30.550	GET	200	storage.object.get_public	/object/public/listing-photos/6b2057a9-ee51-4070-8732-9759d30fd521/rapatrie-fiche/1791218520315/1791218520950_0.jpg			web-pc-chrome154	48	31188		info	
2026-10-05 16:47:30.577	2026-10-05 18:47:30.577	GET	200	storage.object.info_public	/object/info/public/listing-photos/6b2057a9-ee51-4070-8732-9759d30fd521/rapatrie-fiche/1791218520423/1791218520950_0.jpg				28	498		info	
2026-10-05 16:47:30.589	2026-10-05 18:47:30.589	GET	200	storage.object.get_public	/object/public/listing-photos/6b2057a9-ee51-4070-8732-9759d30fd521/rapatrie-fiche/1791218520472/1791218520950_0.jpg			web-pc-chrome154	34	18432		info	
2026-10-05 16:47:30.611	2026-10-05 18:47:30.611	GET	200	storage.object.get_public	/object/public/listing-photos/6b2057a9-ee51-4070-8732-9759d30fd521/rapatrie-fiche/1791218520395/1791218520950_0.jpg			web-pc-chrome154	45	26219		info	
2026-10-05 16:47:30.627	2026-10-05 18:47:30.627	GET	200	storage.object.get_public	/object/public/listing-photos/6b2057a9-ee51-4070-8732-9759d30fd521/rapatrie-fiche/1791218520498/1791218520950_0.jpg			web-pc-chrome154	71	22956		info	
2026-10-05 16:47:30.671	2026-10-05 18:47:30.671	GET	200	storage.object.get_public	/object/public/listing-photos/6b2057a9-ee51-4070-8732-9759d30fd521/rapatrie-fiche/1791218520423/1791218520950_0.jpg			web-pc-chrome154	38	28383		info	
2026-10-05 16:52:15.661	2026-10-05 18:52:15.661	GET	200	storage.object.info_public	/object/info/public/listing-photos/6b2057a9-ee51-4070-8732-9759d30fd521/rapatrie-fiche/1791218520498/1791218520950_3.jpg				11	498		info	
2026-10-05 16:52:15.669	2026-10-05 18:52:15.669	GET	200	storage.object.info_public	/object/info/public/listing-photos/6b2057a9-ee51-4070-8732-9759d30fd521/rapatrie-fiche/1791218520498/1791218520950_2.jpg				14	498		info	
2026-10-05 16:52:15.670	2026-10-05 18:52:15.670	GET	200	storage.object.info_public	/object/info/public/listing-photos/6b2057a9-ee51-4070-8732-9759d30fd521/rapatrie-fiche/1791218520498/1791218520950_1.jpg				11	498		info	
2026-10-05 16:52:15.764	2026-10-05 18:52:15.764	GET	200	storage.object.get_public	/object/public/listing-photos/6b2057a9-ee51-4070-8732-9759d30fd521/rapatrie-fiche/1791218520498/1791218520950_3.jpg			app-android	57	28669		info	
2026-10-05 16:52:15.770	2026-10-05 18:52:15.770	GET	200	storage.object.get_public	/object/public/listing-photos/6b2057a9-ee51-4070-8732-9759d30fd521/rapatrie-fiche/1791218520498/1791218520950_2.jpg			app-android	56	29960		info	
2026-10-05 16:52:15.807	2026-10-05 18:52:15.807	GET	200	storage.object.get_public	/object/public/listing-photos/6b2057a9-ee51-4070-8732-9759d30fd521/rapatrie-fiche/1791218520498/1791218520950_1.jpg			app-android	75	29468		info	
2026-10-05 17:00:09.543	2026-10-05 19:00:09.543	POST	200	storage.object.upload	/object/listing-photos/6b2057a9-ee51-4070-8732-9759d30fd521/rapatrie-fiche/1791219480249/1791219605449_0.jpg		service_role	serveur-fonction-edge	97	154	88491	info	
2026-10-05 17:00:09.698	2026-10-05 19:00:09.698					tojihnuawsoohlolangc/listing-photos/6b2057a9-ee51-4070-8732-9759d30fd521/rapatrie-fiche/1791219480249/1791219605449_0.jpg						info	[Lifecycle]: ObjectCreated:Post tojihnuawsoohlolangc/listing-photos/6b2057a9-ee51-4070-8732-9759d30fd521/rapatrie-fiche/1791219480249/1791219605449_0.jpg
2026-10-05 17:00:09.939	2026-10-05 19:00:09.939	POST	200	storage.object.upload	/object/listing-photos/6b2057a9-ee51-4070-8732-9759d30fd521/rapatrie-fiche/1791219480292/1791219605449_0.jpg		service_role	serveur-fonction-edge	145	154	66023	info	
2026-10-05 17:00:10.158	2026-10-05 19:00:10.158	POST	200	storage.object.upload	/object/listing-photos/6b2057a9-ee51-4070-8732-9759d30fd521/rapatrie-fiche/1791219480292/1791219605449_1.jpg		service_role	serveur-fonction-edge	70	154	67533	info	
2026-10-05 17:00:10.290	2026-10-05 19:00:10.290					tojihnuawsoohlolangc/listing-photos/6b2057a9-ee51-4070-8732-9759d30fd521/rapatrie-fiche/1791219480292/1791219605449_0.jpg						info	[Lifecycle]: ObjectCreated:Post tojihnuawsoohlolangc/listing-photos/6b2057a9-ee51-4070-8732-9759d30fd521/rapatrie-fiche/1791219480292/1791219605449_0.jpg
2026-10-05 17:00:10.290	2026-10-05 19:00:10.290					tojihnuawsoohlolangc/listing-photos/6b2057a9-ee51-4070-8732-9759d30fd521/rapatrie-fiche/1791219480292/1791219605449_0.jpg						info	[Lifecycle]: ObjectCreated:Post tojihnuawsoohlolangc/listing-photos/6b2057a9-ee51-4070-8732-9759d30fd521/rapatrie-fiche/1791219480292/1791219605449_0.jpg
2026-10-05 17:00:10.309	2026-10-05 19:00:10.309	POST	200	storage.object.upload	/object/listing-photos/6b2057a9-ee51-4070-8732-9759d30fd521/rapatrie-fiche/1791219480334/1791219605449_0.jpg		service_role	serveur-fonction-edge	83	154	161907	info	
2026-10-05 17:00:10.474	2026-10-05 19:00:10.474	POST	200	storage.object.upload	/object/listing-photos/6b2057a9-ee51-4070-8732-9759d30fd521/rapatrie-fiche/1791219480367/1791219605449_0.jpg		service_role	serveur-fonction-edge	79	154	180455	info	
2026-10-05 17:00:10.598	2026-10-05 19:00:10.598					tojihnuawsoohlolangc/listing-photos/6b2057a9-ee51-4070-8732-9759d30fd521/rapatrie-fiche/1791219480334/1791219605449_0.jpg						info	[Lifecycle]: ObjectCreated:Post tojihnuawsoohlolangc/listing-photos/6b2057a9-ee51-4070-8732-9759d30fd521/rapatrie-fiche/1791219480334/1791219605449_0.jpg
2026-10-05 17:00:10.603	2026-10-05 19:00:10.603					tojihnuawsoohlolangc/listing-photos/6b2057a9-ee51-4070-8732-9759d30fd521/rapatrie-fiche/1791219480367/1791219605449_0.jpg						info	[Lifecycle]: ObjectCreated:Post tojihnuawsoohlolangc/listing-photos/6b2057a9-ee51-4070-8732-9759d30fd521/rapatrie-fiche/1791219480367/1791219605449_0.jpg
2026-10-05 17:00:10.695	2026-10-05 19:00:10.695	POST	200	storage.object.upload	/object/listing-photos/6b2057a9-ee51-4070-8732-9759d30fd521/rapatrie-fiche/1791219480367/1791219605449_1.jpg		service_role	serveur-fonction-edge	71	154	147985	info	
2026-10-05 17:00:10.908	2026-10-05 19:00:10.908					tojihnuawsoohlolangc/listing-photos/6b2057a9-ee51-4070-8732-9759d30fd521/rapatrie-fiche/1791219480367/1791219605449_1.jpg						info	[Lifecycle]: ObjectCreated:Post tojihnuawsoohlolangc/listing-photos/6b2057a9-ee51-4070-8732-9759d30fd521/rapatrie-fiche/1791219480367/1791219605449_1.jpg
2026-10-05 17:00:10.918	2026-10-05 19:00:10.918	POST	200	storage.object.upload	/object/listing-photos/6b2057a9-ee51-4070-8732-9759d30fd521/rapatrie-fiche/1791219480367/1791219605449_2.jpg		service_role	serveur-fonction-edge	74	154	101149	info	
2026-10-05 17:00:11.009	2026-10-05 19:00:11.009					tojihnuawsoohlolangc/listing-photos/6b2057a9-ee51-4070-8732-9759d30fd521/rapatrie-fiche/1791219480367/1791219605449_2.jpg						info	[Lifecycle]: ObjectCreated:Post tojihnuawsoohlolangc/listing-photos/6b2057a9-ee51-4070-8732-9759d30fd521/rapatrie-fiche/1791219480367/1791219605449_2.jpg
2026-10-05 17:00:11.600	2026-10-05 19:00:11.600					tojihnuawsoohlolangc/listing-photos/6b2057a9-ee51-4070-8732-9759d30fd521/rapatrie-fiche/1791219480292/1791219605449_1.jpg						info	[Lifecycle]: ObjectCreated:Post tojihnuawsoohlolangc/listing-photos/6b2057a9-ee51-4070-8732-9759d30fd521/rapatrie-fiche/1791219480292/1791219605449_1.jpg
2026-10-05 17:00:11.600	2026-10-05 19:00:11.600					tojihnuawsoohlolangc/listing-photos/6b2057a9-ee51-4070-8732-9759d30fd521/rapatrie-fiche/1791219480292/1791219605449_1.jpg						info	[Lifecycle]: ObjectCreated:Post tojihnuawsoohlolangc/listing-photos/6b2057a9-ee51-4070-8732-9759d30fd521/rapatrie-fiche/1791219480292/1791219605449_1.jpg
2026-10-05 17:06:06.604	2026-10-05 19:06:06.604	POST	200	storage.object.upload	/object/listing-photos/6b2057a9-ee51-4070-8732-9759d30fd521/rapatrie-fiche/1791219480249/1791219961404_0.jpg		service_role	serveur-fonction-edge	75	154	88491	info	
2026-10-05 17:06:06.698	2026-10-05 19:06:06.698					tojihnuawsoohlolangc/listing-photos/6b2057a9-ee51-4070-8732-9759d30fd521/rapatrie-fiche/1791219480249/1791219961404_0.jpg						info	[Lifecycle]: ObjectCreated:Post tojihnuawsoohlolangc/listing-photos/6b2057a9-ee51-4070-8732-9759d30fd521/rapatrie-fiche/1791219480249/1791219961404_0.jpg
2026-10-05 17:06:06.835	2026-10-05 19:06:06.835	POST	200	storage.object.upload	/object/listing-photos/6b2057a9-ee51-4070-8732-9759d30fd521/rapatrie-fiche/1791219480249/1791219961404_1.jpg		service_role	serveur-fonction-edge	77	154	110923	info	
2026-10-05 17:06:06.890	2026-10-05 19:06:06.890					tojihnuawsoohlolangc/listing-photos/6b2057a9-ee51-4070-8732-9759d30fd521/rapatrie-fiche/1791219480249/1791219961404_1.jpg						info	[Lifecycle]: ObjectCreated:Post tojihnuawsoohlolangc/listing-photos/6b2057a9-ee51-4070-8732-9759d30fd521/rapatrie-fiche/1791219480249/1791219961404_1.jpg
2026-10-05 17:06:07.049	2026-10-05 19:06:07.049	POST	200	storage.object.upload	/object/listing-photos/6b2057a9-ee51-4070-8732-9759d30fd521/rapatrie-fiche/1791219480249/1791219961404_2.jpg		service_role	serveur-fonction-edge	77	154	93881	info	
2026-10-05 17:06:07.132	2026-10-05 19:06:07.132					tojihnuawsoohlolangc/listing-photos/6b2057a9-ee51-4070-8732-9759d30fd521/rapatrie-fiche/1791219480249/1791219961404_2.jpg						info	[Lifecycle]: ObjectCreated:Post tojihnuawsoohlolangc/listing-photos/6b2057a9-ee51-4070-8732-9759d30fd521/rapatrie-fiche/1791219480249/1791219961404_2.jpg
2026-10-05 17:06:07.228	2026-10-05 19:06:07.228	POST	200	storage.object.upload	/object/listing-photos/6b2057a9-ee51-4070-8732-9759d30fd521/rapatrie-fiche/1791219480334/1791219961404_0.jpg		service_role	serveur-fonction-edge	86	154	161907	info	
2026-10-05 17:06:07.296	2026-10-05 19:06:07.296					tojihnuawsoohlolangc/listing-photos/6b2057a9-ee51-4070-8732-9759d30fd521/rapatrie-fiche/1791219480334/1791219961404_0.jpg						info	[Lifecycle]: ObjectCreated:Post tojihnuawsoohlolangc/listing-photos/6b2057a9-ee51-4070-8732-9759d30fd521/rapatrie-fiche/1791219480334/1791219961404_0.jpg
2026-10-05 17:06:07.407	2026-10-05 19:06:07.407	POST	200	storage.object.upload	/object/listing-photos/6b2057a9-ee51-4070-8732-9759d30fd521/rapatrie-fiche/1791219480334/1791219961404_1.jpg		service_role	serveur-fonction-edge	59	154	157345	info	
2026-10-05 17:06:07.544	2026-10-05 19:06:07.544					tojihnuawsoohlolangc/listing-photos/6b2057a9-ee51-4070-8732-9759d30fd521/rapatrie-fiche/1791219480334/1791219961404_1.jpg						info	[Lifecycle]: ObjectCreated:Post tojihnuawsoohlolangc/listing-photos/6b2057a9-ee51-4070-8732-9759d30fd521/rapatrie-fiche/1791219480334/1791219961404_1.jpg
2026-10-05 17:12:07.160	2026-10-05 19:12:07.160	GET	200	storage.object.info_public	/object/info/public/listing-photos/6b2057a9-ee51-4070-8732-9759d30fd521/rapatrie-fiche/1791219480292/1791219605449_0.jpg				17	498		info	
2026-10-05 17:12:07.169	2026-10-05 19:12:07.169	GET	200	storage.object.info_public	/object/info/public/listing-photos/6b2057a9-ee51-4070-8732-9759d30fd521/rapatrie-fiche/1791219480249/1791219961404_0.jpg				16	498		info	
2026-10-05 17:12:07.179	2026-10-05 19:12:07.179	GET	200	storage.object.info_public	/object/info/public/listing-photos/6b2057a9-ee51-4070-8732-9759d30fd521/rapatrie-fiche/1791219480367/1791219605449_0.jpg				15	499		info	
2026-10-05 17:12:07.240	2026-10-05 19:12:07.240	GET	200	storage.object.info_public	/object/info/public/listing-photos/6b2057a9-ee51-4070-8732-9759d30fd521/rapatrie-fiche/1791219480334/1791219961404_0.jpg				17	499		info	
2026-10-05 17:12:07.266	2026-10-05 19:12:07.266	GET	200	storage.object.get_public	/object/public/listing-photos/6b2057a9-ee51-4070-8732-9759d30fd521/rapatrie-fiche/1791219480292/1791219605449_0.jpg			web-pc-chrome154	56	66023		info	
2026-10-05 17:12:07.274	2026-10-05 19:12:07.274	GET	200	storage.object.get_public	/object/public/listing-photos/6b2057a9-ee51-4070-8732-9759d30fd521/rapatrie-fiche/1791219480249/1791219961404_0.jpg			web-pc-chrome154	38	88491		info	
2026-10-05 17:12:07.306	2026-10-05 19:12:07.306	GET	200	storage.object.get_public	/object/public/listing-photos/6b2057a9-ee51-4070-8732-9759d30fd521/rapatrie-fiche/1791219480367/1791219605449_0.jpg			web-pc-chrome154	58	180455		info	
2026-10-05 17:12:07.368	2026-10-05 19:12:07.368	GET	200	storage.object.get_public	/object/public/listing-photos/6b2057a9-ee51-4070-8732-9759d30fd521/rapatrie-fiche/1791219480334/1791219961404_0.jpg			web-pc-chrome154	61	161907		info	
2026-10-05 17:13:00.574	2026-10-05 19:13:00.574	GET	200	storage.object.info_public	/object/info/public/listing-photos/6b2057a9-ee51-4070-8732-9759d30fd521/rapatrie-fiche/1791219480249/1791219961404_0.jpg?width=400&height=400&resize=contain&quality=80				15	498		info	
2026-10-05 17:13:00.716	2026-10-05 19:13:00.716	GET	200	storage.render.image_public	/render/image/public/listing-photos/6b2057a9-ee51-4070-8732-9759d30fd521/rapatrie-fiche/1791219480249/1791219961404_0.jpg?width=400&height=400&resize=contain&quality=80			serveur-fonction-edge	76	19806		info	
2026-10-05 17:13:01.124	2026-10-05 19:13:01.124	GET	200	storage.object.info_public	/object/info/public/listing-photos/6b2057a9-ee51-4070-8732-9759d30fd521/rapatrie-fiche/1791219480292/1791219605449_0.jpg?width=400&height=400&resize=contain&quality=80				15	498		info	
2026-10-05 17:13:01.276	2026-10-05 19:13:01.276	GET	200	storage.render.image_public	/render/image/public/listing-photos/6b2057a9-ee51-4070-8732-9759d30fd521/rapatrie-fiche/1791219480292/1791219605449_0.jpg?width=400&height=400&resize=contain&quality=80			serveur-fonction-edge	69	19917		info	
2026-10-05 17:13:01.499	2026-10-05 19:13:01.499	GET	200	storage.object.info_public	/object/info/public/listing-photos/6b2057a9-ee51-4070-8732-9759d30fd521/rapatrie-fiche/1791219480334/1791219961404_0.jpg?width=400&height=400&resize=contain&quality=80				12	499		info	
2026-10-05 17:13:01.628	2026-10-05 19:13:01.628	GET	200	storage.render.image_public	/render/image/public/listing-photos/6b2057a9-ee51-4070-8732-9759d30fd521/rapatrie-fiche/1791219480334/1791219961404_0.jpg?width=400&height=400&resize=contain&quality=80			serveur-fonction-edge	83	17169		info	
2026-10-05 17:13:01.869	2026-10-05 19:13:01.869	GET	200	storage.object.info_public	/object/info/public/listing-photos/6b2057a9-ee51-4070-8732-9759d30fd521/rapatrie-fiche/1791219480367/1791219605449_0.jpg?width=400&height=400&resize=contain&quality=80				10	499		info	
2026-10-05 17:13:02.047	2026-10-05 19:13:02.047	GET	200	storage.render.image_public	/render/image/public/listing-photos/6b2057a9-ee51-4070-8732-9759d30fd521/rapatrie-fiche/1791219480367/1791219605449_0.jpg?width=400&height=400&resize=contain&quality=80			serveur-fonction-edge	83	20267		info	
2026-10-05 17:13:53.116	2026-10-05 19:13:53.116	POST	200	storage.object.list	/object/list/listing-photos		service_role	serveur-fonction-edge	32	191	114	info	
2026-10-05 17:13:53.174	2026-10-05 19:13:53.174	POST	200	storage.object.list	/object/list/listing-photos		service_role	serveur-fonction-edge	17	1702	129	info	
2026-10-05 17:13:53.239	2026-10-05 19:13:53.239	POST	200	storage.object.list	/object/list/listing-photos		service_role	serveur-fonction-edge	20	2105	143	info	
2026-10-05 17:13:53.296	2026-10-05 19:13:53.296	POST	200	storage.object.list	/object/list/listing-photos		service_role	serveur-fonction-edge	13	2105	143	info	
2026-10-05 17:13:53.351	2026-10-05 19:13:53.351	POST	200	storage.object.list	/object/list/listing-photos		service_role	serveur-fonction-edge	7	2631	143	info	
2026-10-05 17:13:53.462	2026-10-05 19:13:53.462	POST	200	storage.object.list	/object/list/listing-photos		service_role	serveur-fonction-edge	15	2105	143	info	
2026-10-05 17:13:53.527	2026-10-05 19:13:53.527	POST	200	storage.object.list	/object/list/listing-photos		service_role	serveur-fonction-edge	20	2107	143	info	
2026-10-05 17:13:53.588	2026-10-05 19:13:53.588	POST	200	storage.object.list	/object/list/listing-photos		service_role	serveur-fonction-edge	16	1053	143	info	
2026-10-05 17:13:53.642	2026-10-05 19:13:53.642	POST	200	storage.object.list	/object/list/listing-photos		service_role	serveur-fonction-edge	13	1585	143	info	
2026-10-05 17:13:53.701	2026-10-05 19:13:53.701	POST	200	storage.object.list	/object/list/listing-photos		service_role	serveur-fonction-edge	13	1585	143	info	
2026-10-05 17:13:54.559	2026-10-05 19:13:54.559					tojihnuawsoohlolangc/listing-photos/6b2057a9-ee51-4070-8732-9759d30fd521/rapatrie-fiche/1791218520498/1791218520950_3.jpg						info	[Lifecycle]: ObjectRemoved:Delete tojihnuawsoohlolangc/listing-photos/6b2057a9-ee51-4070-8732-9759d30fd521/rapatrie-fiche/1791218520498/1791218520950_3.jpg
2026-10-05 17:13:54.560	2026-10-05 19:13:54.560					tojihnuawsoohlolangc/listing-photos/6b2057a9-ee51-4070-8732-9759d30fd521/rapatrie-fiche/1791219480249/1791219961404_2.jpg						info	[Lifecycle]: ObjectRemoved:Delete tojihnuawsoohlolangc/listing-photos/6b2057a9-ee51-4070-8732-9759d30fd521/rapatrie-fiche/1791219480249/1791219961404_2.jpg
2026-10-05 17:13:54.560	2026-10-05 19:13:54.560					tojihnuawsoohlolangc/listing-photos/6b2057a9-ee51-4070-8732-9759d30fd521/rapatrie-fiche/1791219480334/1791219961404_0.jpg						info	[Lifecycle]: ObjectRemoved:Delete tojihnuawsoohlolangc/listing-photos/6b2057a9-ee51-4070-8732-9759d30fd521/rapatrie-fiche/1791219480334/1791219961404_0.jpg
2026-10-05 17:13:54.560	2026-10-05 19:13:54.560					tojihnuawsoohlolangc/listing-photos/6b2057a9-ee51-4070-8732-9759d30fd521/rapatrie-fiche/1791219480367/1791219605449_0.jpg						info	[Lifecycle]: ObjectRemoved:Delete tojihnuawsoohlolangc/listing-photos/6b2057a9-ee51-4070-8732-9759d30fd521/rapatrie-fiche/1791219480367/1791219605449_0.jpg
2026-10-05 17:13:54.566	2026-10-05 19:13:54.566					tojihnuawsoohlolangc/listing-photos/6b2057a9-ee51-4070-8732-9759d30fd521/rapatrie-fiche/1791218520395/1791218520950_0.jpg						info	[Lifecycle]: ObjectRemoved:Delete tojihnuawsoohlolangc/listing-photos/6b2057a9-ee51-4070-8732-9759d30fd521/rapatrie-fiche/1791218520395/1791218520950_0.jpg
2026-10-05 17:13:54.566	2026-10-05 19:13:54.566					tojihnuawsoohlolangc/listing-photos/6b2057a9-ee51-4070-8732-9759d30fd521/rapatrie-fiche/1791218520315/1791218520950_1.jpg						info	[Lifecycle]: ObjectRemoved:Delete tojihnuawsoohlolangc/listing-photos/6b2057a9-ee51-4070-8732-9759d30fd521/rapatrie-fiche/1791218520315/1791218520950_1.jpg
2026-10-05 17:13:54.566	2026-10-05 19:13:54.566					tojihnuawsoohlolangc/listing-photos/6b2057a9-ee51-4070-8732-9759d30fd521/rapatrie-fiche/1791218520315/1791218520950_0.jpg						info	[Lifecycle]: ObjectRemoved:Delete tojihnuawsoohlolangc/listing-photos/6b2057a9-ee51-4070-8732-9759d30fd521/rapatrie-fiche/1791218520315/1791218520950_0.jpg
2026-10-05 17:13:54.566	2026-10-05 19:13:54.566					tojihnuawsoohlolangc/listing-photos/6b2057a9-ee51-4070-8732-9759d30fd521/rapatrie-fiche/1791218520395/1791218520950_1.jpg						info	[Lifecycle]: ObjectRemoved:Delete tojihnuawsoohlolangc/listing-photos/6b2057a9-ee51-4070-8732-9759d30fd521/rapatrie-fiche/1791218520395/1791218520950_1.jpg
2026-10-05 17:13:54.567	2026-10-05 19:13:54.567					tojihnuawsoohlolangc/listing-photos/6b2057a9-ee51-4070-8732-9759d30fd521/rapatrie-fiche/1791218520395/1791218520950_3.jpg						info	[Lifecycle]: ObjectRemoved:Delete tojihnuawsoohlolangc/listing-photos/6b2057a9-ee51-4070-8732-9759d30fd521/rapatrie-fiche/1791218520395/1791218520950_3.jpg
2026-10-05 17:13:54.567	2026-10-05 19:13:54.567					tojihnuawsoohlolangc/listing-photos/6b2057a9-ee51-4070-8732-9759d30fd521/rapatrie-fiche/1791218520423/1791218520950_3.jpg						info	[Lifecycle]: ObjectRemoved:Delete tojihnuawsoohlolangc/listing-photos/6b2057a9-ee51-4070-8732-9759d30fd521/rapatrie-fiche/1791218520423/1791218520950_3.jpg
2026-10-05 17:13:54.567	2026-10-05 19:13:54.567					tojihnuawsoohlolangc/listing-photos/6b2057a9-ee51-4070-8732-9759d30fd521/rapatrie-fiche/1791218520423/1791218520950_0.jpg						info	[Lifecycle]: ObjectRemoved:Delete tojihnuawsoohlolangc/listing-photos/6b2057a9-ee51-4070-8732-9759d30fd521/rapatrie-fiche/1791218520423/1791218520950_0.jpg
2026-10-05 17:13:54.567	2026-10-05 19:13:54.567					tojihnuawsoohlolangc/listing-photos/6b2057a9-ee51-4070-8732-9759d30fd521/rapatrie-fiche/1791218520395/1791218520950_2.jpg						info	[Lifecycle]: ObjectRemoved:Delete tojihnuawsoohlolangc/listing-photos/6b2057a9-ee51-4070-8732-9759d30fd521/rapatrie-fiche/1791218520395/1791218520950_2.jpg
2026-10-05 17:13:54.567	2026-10-05 19:13:54.567					tojihnuawsoohlolangc/listing-photos/6b2057a9-ee51-4070-8732-9759d30fd521/rapatrie-fiche/1791218520423/1791218520950_2.jpg						info	[Lifecycle]: ObjectRemoved:Delete tojihnuawsoohlolangc/listing-photos/6b2057a9-ee51-4070-8732-9759d30fd521/rapatrie-fiche/1791218520423/1791218520950_2.jpg
2026-10-05 17:13:54.567	2026-10-05 19:13:54.567					tojihnuawsoohlolangc/listing-photos/6b2057a9-ee51-4070-8732-9759d30fd521/rapatrie-fiche/1791218520423/1791218520950_4.jpg						info	[Lifecycle]: ObjectRemoved:Delete tojihnuawsoohlolangc/listing-photos/6b2057a9-ee51-4070-8732-9759d30fd521/rapatrie-fiche/1791218520423/1791218520950_4.jpg
2026-10-05 17:13:54.567	2026-10-05 19:13:54.567					tojihnuawsoohlolangc/listing-photos/6b2057a9-ee51-4070-8732-9759d30fd521/rapatrie-fiche/1791218520423/1791218520950_1.jpg						info	[Lifecycle]: ObjectRemoved:Delete tojihnuawsoohlolangc/listing-photos/6b2057a9-ee51-4070-8732-9759d30fd521/rapatrie-fiche/1791218520423/1791218520950_1.jpg
2026-10-05 17:13:54.568	2026-10-05 19:13:54.568					tojihnuawsoohlolangc/listing-photos/6b2057a9-ee51-4070-8732-9759d30fd521/rapatrie-fiche/1791218520472/1791218520950_1.jpg						info	[Lifecycle]: ObjectRemoved:Delete tojihnuawsoohlolangc/listing-photos/6b2057a9-ee51-4070-8732-9759d30fd521/rapatrie-fiche/1791218520472/1791218520950_1.jpg
2026-10-05 17:13:54.568	2026-10-05 19:13:54.568					tojihnuawsoohlolangc/listing-photos/6b2057a9-ee51-4070-8732-9759d30fd521/rapatrie-fiche/1791218520472/1791218520950_0.jpg						info	[Lifecycle]: ObjectRemoved:Delete tojihnuawsoohlolangc/listing-photos/6b2057a9-ee51-4070-8732-9759d30fd521/rapatrie-fiche/1791218520472/1791218520950_0.jpg
2026-10-05 17:13:54.568	2026-10-05 19:13:54.568					tojihnuawsoohlolangc/listing-photos/6b2057a9-ee51-4070-8732-9759d30fd521/rapatrie-fiche/1791218520472/1791218520950_4.jpg						info	[Lifecycle]: ObjectRemoved:Delete tojihnuawsoohlolangc/listing-photos/6b2057a9-ee51-4070-8732-9759d30fd521/rapatrie-fiche/1791218520472/1791218520950_4.jpg
2026-10-05 17:13:54.568	2026-10-05 19:13:54.568					tojihnuawsoohlolangc/listing-photos/6b2057a9-ee51-4070-8732-9759d30fd521/rapatrie-fiche/1791218520498/1791218520950_0.jpg						info	[Lifecycle]: ObjectRemoved:Delete tojihnuawsoohlolangc/listing-photos/6b2057a9-ee51-4070-8732-9759d30fd521/rapatrie-fiche/1791218520498/1791218520950_0.jpg
2026-10-05 17:13:54.568	2026-10-05 19:13:54.568					tojihnuawsoohlolangc/listing-photos/6b2057a9-ee51-4070-8732-9759d30fd521/rapatrie-fiche/1791218520472/1791218520950_3.jpg						info	[Lifecycle]: ObjectRemoved:Delete tojihnuawsoohlolangc/listing-photos/6b2057a9-ee51-4070-8732-9759d30fd521/rapatrie-fiche/1791218520472/1791218520950_3.jpg
2026-10-05 17:13:54.568	2026-10-05 19:13:54.568					tojihnuawsoohlolangc/listing-photos/6b2057a9-ee51-4070-8732-9759d30fd521/rapatrie-fiche/1791218520472/1791218520950_2.jpg						info	[Lifecycle]: ObjectRemoved:Delete tojihnuawsoohlolangc/listing-photos/6b2057a9-ee51-4070-8732-9759d30fd521/rapatrie-fiche/1791218520472/1791218520950_2.jpg
2026-10-05 17:13:54.569	2026-10-05 19:13:54.569					tojihnuawsoohlolangc/listing-photos/6b2057a9-ee51-4070-8732-9759d30fd521/rapatrie-fiche/1791219480249/1791219605449_0.jpg						info	[Lifecycle]: ObjectRemoved:Delete tojihnuawsoohlolangc/listing-photos/6b2057a9-ee51-4070-8732-9759d30fd521/rapatrie-fiche/1791219480249/1791219605449_0.jpg
2026-10-05 17:13:54.569	2026-10-05 19:13:54.569					tojihnuawsoohlolangc/listing-photos/6b2057a9-ee51-4070-8732-9759d30fd521/rapatrie-fiche/1791219480249/1791219961404_1.jpg						info	[Lifecycle]: ObjectRemoved:Delete tojihnuawsoohlolangc/listing-photos/6b2057a9-ee51-4070-8732-9759d30fd521/rapatrie-fiche/1791219480249/1791219961404_1.jpg
2026-10-05 17:13:54.569	2026-10-05 19:13:54.569					tojihnuawsoohlolangc/listing-photos/6b2057a9-ee51-4070-8732-9759d30fd521/rapatrie-fiche/1791219480249/1791219961404_0.jpg						info	[Lifecycle]: ObjectRemoved:Delete tojihnuawsoohlolangc/listing-photos/6b2057a9-ee51-4070-8732-9759d30fd521/rapatrie-fiche/1791219480249/1791219961404_0.jpg
2026-10-05 17:13:54.569	2026-10-05 19:13:54.569					tojihnuawsoohlolangc/listing-photos/6b2057a9-ee51-4070-8732-9759d30fd521/rapatrie-fiche/1791218520498/1791218520950_2.jpg						info	[Lifecycle]: ObjectRemoved:Delete tojihnuawsoohlolangc/listing-photos/6b2057a9-ee51-4070-8732-9759d30fd521/rapatrie-fiche/1791218520498/1791218520950_2.jpg
2026-10-05 17:13:54.569	2026-10-05 19:13:54.569					tojihnuawsoohlolangc/listing-photos/6b2057a9-ee51-4070-8732-9759d30fd521/rapatrie-fiche/1791218520498/1791218520950_1.jpg						info	[Lifecycle]: ObjectRemoved:Delete tojihnuawsoohlolangc/listing-photos/6b2057a9-ee51-4070-8732-9759d30fd521/rapatrie-fiche/1791218520498/1791218520950_1.jpg
2026-10-05 17:13:54.637	2026-10-05 19:13:54.637	DELETE	200	storage.object.delete_many	/object/listing-photos		service_role	serveur-fonction-edge	895	22625	3006	info	
2026-10-05 17:13:54.745	2026-10-05 19:13:54.745					tojihnuawsoohlolangc/listing-photos/6b2057a9-ee51-4070-8732-9759d30fd521/rapatrie-fiche/1791218520315/1791218520950_2.jpg						info	[Lifecycle]: ObjectRemoved:Delete tojihnuawsoohlolangc/listing-photos/6b2057a9-ee51-4070-8732-9759d30fd521/rapatrie-fiche/1791218520315/1791218520950_2.jpg
2026-10-05 17:13:54.745	2026-10-05 19:13:54.745					tojihnuawsoohlolangc/listing-photos/6b2057a9-ee51-4070-8732-9759d30fd521/rapatrie-fiche/1791218520315/1791218520950_3.jpg						info	[Lifecycle]: ObjectRemoved:Delete tojihnuawsoohlolangc/listing-photos/6b2057a9-ee51-4070-8732-9759d30fd521/rapatrie-fiche/1791218520315/1791218520950_3.jpg
2026-10-05 17:13:55.480	2026-10-05 19:13:55.480					tojihnuawsoohlolangc/listing-photos/6b2057a9-ee51-4070-8732-9759d30fd521/rapatrie-fiche/1791219480292/1791219605449_0.jpg						info	[Lifecycle]: ObjectRemoved:Delete tojihnuawsoohlolangc/listing-photos/6b2057a9-ee51-4070-8732-9759d30fd521/rapatrie-fiche/1791219480292/1791219605449_0.jpg
2026-10-05 17:13:55.481	2026-10-05 19:13:55.481					tojihnuawsoohlolangc/listing-photos/6b2057a9-ee51-4070-8732-9759d30fd521/rapatrie-fiche/1791219480292/1791219605449_1.jpg						info	[Lifecycle]: ObjectRemoved:Delete tojihnuawsoohlolangc/listing-photos/6b2057a9-ee51-4070-8732-9759d30fd521/rapatrie-fiche/1791219480292/1791219605449_1.jpg
